ID,N,p,mu,f,g,pb_ID,Var8,Var9,Var10,Var11,Var12,A_name,F_name,h
1,1000,1,"@(x,y) (5)",18*pi^2*cos(3*pi*y).*sin(3*pi*x),"@(x,y) sin(3*pi*x).*cos(3*pi*y)",1,NaN,NaN,NaN,"mu",NaN,F1.dat,F1.dat,0.0573981809049186
2,1000,1,"@(x,y) (0.03)",18*pi^2*cos(3*pi*y).*sin(3*pi*x),"@(x,y) sin(3*pi*x).*cos(3*pi*y)",2,NaN,NaN,1000,"@(x,y) (5)",1,F1.dat,F2.dat,0.0573981809049186
3,1000,1,"@(x,y) (25)",18*pi^2*cos(3*pi*y).*sin(3*pi*x),"@(x,y) sin(3*pi*x).*cos(3*pi*y)",NaN,NaN,NaN,3000,"@(x,y) (0.03)",2,F1.dat,F3.dat,0.0573981809049186
4,1000,1,"@(x,y) (1e-5)",18*pi^2*cos(3*pi*y).*sin(3*pi*x),"@(x,y) sin(3*pi*x).*cos(3*pi*y)",NaN,NaN,NaN,5000,"@(x,y) (25)",3,F1.dat,F4.dat,0.0573981809049186
5,1000,1,"@(x,y) (7*1e2)",18*pi^2*cos(3*pi*y).*sin(3*pi*x),"@(x,y) sin(3*pi*x).*cos(3*pi*y)",NaN,NaN,NaN,7000,"@(x,y) (1e-5)",4,F1.dat,F5.dat,0.0573981809049186
6,1000,1,"@(x,y) (0.01 * (x<0.5) + 150 * (x>=0.5))",18*pi^2*cos(3*pi*y).*sin(3*pi*x),"@(x,y) sin(3*pi*x).*cos(3*pi*y)",NaN,NaN,NaN,9000,"@(x,y) (7*1e2)",NaN,F1.dat,F6.dat,0.0573981809049186
7,1000,1,"@(x,y) (8e-4 * (y<0.5) + 5e-7* (y>=0.5))",18*pi^2*cos(3*pi*y).*sin(3*pi*x),"@(x,y) sin(3*pi*x).*cos(3*pi*y)",NaN,NaN,NaN,11000,"@(x,y) (0.01 * (x<0.5) + 150 * (x>=0.5))",NaN,F1.dat,F7.dat,0.0573981809049186
8,1000,1,"@(x,y) (1.5 + 3.5 *(x>0.2))",18*pi^2*cos(3*pi*y).*sin(3*pi*x),"@(x,y) sin(3*pi*x).*cos(3*pi*y)",NaN,NaN,NaN,13000,"@(x,y) (8e-4 * (y<0.5) + 5e-7* (y>=0.5))",NaN,F1.dat,F8.dat,0.0573981809049186
9,1000,1,"@(x,y) (50*(y<=0.34) + 398*(y>0.34))",18*pi^2*cos(3*pi*y).*sin(3*pi*x),"@(x,y) sin(3*pi*x).*cos(3*pi*y)",NaN,NaN,NaN,15000,"@(x,y) (1.5 + 3.5 *(x>0.2))",NaN,F1.dat,F9.dat,0.0573981809049186
10,1000,1,"@(x,y) (0.1 * (x < 0.25)  + 1.3 * (x >= 0.25) .* (x <0.75)  +  10 * (x>= 0.75 ))",18*pi^2*cos(3*pi*y).*sin(3*pi*x),"@(x,y) sin(3*pi*x).*cos(3*pi*y)",NaN,NaN,NaN,17000,"@(x,y) (50*(y<=0.34) + 398*(y>0.34))",NaN,F1.dat,F10.dat,0.0573981809049186
11,1000,1,"@(x,y) (1e9)",18*pi^2*cos(3*pi*y).*sin(3*pi*x),"@(x,y) sin(3*pi*x).*cos(3*pi*y)",NaN,NaN,NaN,19000,"@(x,y) (0.1 * (x < 0.25)  + 1.3 * (x >= 0.25 && x <0.75)  +  10 * (x>= 0.75 )",NaN,F1.dat,F11.dat,0.0573981809049186
12,1000,2,"@(x,y) (5)",18*pi^2*cos(3*pi*y).*sin(3*pi*x),"@(x,y) sin(3*pi*x).*cos(3*pi*y)",NaN,NaN,NaN,NaN,"@(x,y) (1e9)",NaN,,F12.dat,0.0573981809049186
13,1000,2,"@(x,y) (0.03)",18*pi^2*cos(3*pi*y).*sin(3*pi*x),"@(x,y) sin(3*pi*x).*cos(3*pi*y)",NaN,NaN,NaN,NaN,"",NaN,,F13.dat,0
14,1000,2,"@(x,y) (25)",18*pi^2*cos(3*pi*y).*sin(3*pi*x),"@(x,y) sin(3*pi*x).*cos(3*pi*y)",NaN,NaN,NaN,NaN,"",NaN,,F14.dat,0
15,1000,2,"@(x,y) (1e-5)",18*pi^2*cos(3*pi*y).*sin(3*pi*x),"@(x,y) sin(3*pi*x).*cos(3*pi*y)",NaN,NaN,NaN,NaN,"",NaN,,F15.dat,0
16,1000,2,"@(x,y) (7*1e2)",18*pi^2*cos(3*pi*y).*sin(3*pi*x),"@(x,y) sin(3*pi*x).*cos(3*pi*y)",NaN,NaN,NaN,NaN,"",NaN,,F16.dat,0
17,1000,2,"@(x,y) (0.01 * (x<0.5) + 150 * (x>=0.5))",18*pi^2*cos(3*pi*y).*sin(3*pi*x),"@(x,y) sin(3*pi*x).*cos(3*pi*y)",NaN,NaN,NaN,NaN,"",NaN,,F17.dat,0
18,1000,2,"@(x,y) (8e-4 * (y<0.5) + 5e-7* (y>=0.5))",18*pi^2*cos(3*pi*y).*sin(3*pi*x),"@(x,y) sin(3*pi*x).*cos(3*pi*y)",NaN,NaN,NaN,NaN,"",NaN,,F18.dat,0
19,1000,2,"@(x,y) (1.5 + 3.5 *(x>0.2))",18*pi^2*cos(3*pi*y).*sin(3*pi*x),"@(x,y) sin(3*pi*x).*cos(3*pi*y)",NaN,NaN,NaN,NaN,"",NaN,,F19.dat,0
20,1000,2,"@(x,y) (50*(y<=0.34) + 398*(y>0.34))",18*pi^2*cos(3*pi*y).*sin(3*pi*x),"@(x,y) sin(3*pi*x).*cos(3*pi*y)",NaN,NaN,NaN,NaN,"",NaN,,F20.dat,0
21,1000,2,"@(x,y) (0.1 * (x < 0.25)  + 1.3 * (x >= 0.25) .* (x <0.75)  +  10 * (x>= 0.75 ))",18*pi^2*cos(3*pi*y).*sin(3*pi*x),"@(x,y) sin(3*pi*x).*cos(3*pi*y)",NaN,NaN,NaN,NaN,"",NaN,,F21.dat,0
22,1000,2,"@(x,y) (1e9)",18*pi^2*cos(3*pi*y).*sin(3*pi*x),"@(x,y) sin(3*pi*x).*cos(3*pi*y)",NaN,NaN,NaN,NaN,"",NaN,F22.dat,F22.dat,0.0573981809049186
23,1000,3,"@(x,y) (5)",18*pi^2*cos(3*pi*y).*sin(3*pi*x),"@(x,y) sin(3*pi*x).*cos(3*pi*y)",NaN,NaN,NaN,NaN,"",NaN,F22.dat,F23.dat,0
24,1000,3,"@(x,y) (0.03)",18*pi^2*cos(3*pi*y).*sin(3*pi*x),"@(x,y) sin(3*pi*x).*cos(3*pi*y)",NaN,NaN,NaN,NaN,"",NaN,F22.dat,F24.dat,0
25,1000,3,"@(x,y) (25)",18*pi^2*cos(3*pi*y).*sin(3*pi*x),"@(x,y) sin(3*pi*x).*cos(3*pi*y)",NaN,NaN,NaN,NaN,"",NaN,F22.dat,F25.dat,0
26,1000,3,"@(x,y) (1e-5)",18*pi^2*cos(3*pi*y).*sin(3*pi*x),"@(x,y) sin(3*pi*x).*cos(3*pi*y)",NaN,NaN,NaN,NaN,"",NaN,F22.dat,F26.dat,0
27,1000,3,"@(x,y) (7*1e2)",18*pi^2*cos(3*pi*y).*sin(3*pi*x),"@(x,y) sin(3*pi*x).*cos(3*pi*y)",NaN,NaN,NaN,NaN,"",NaN,F22.dat,F27.dat,0
28,1000,3,"@(x,y) (0.01 * (x<0.5) + 150 * (x>=0.5))",18*pi^2*cos(3*pi*y).*sin(3*pi*x),"@(x,y) sin(3*pi*x).*cos(3*pi*y)",NaN,NaN,NaN,NaN,"",NaN,F22.dat,F28.dat,0
29,1000,3,"@(x,y) (8e-4 * (y<0.5) + 5e-7* (y>=0.5))",18*pi^2*cos(3*pi*y).*sin(3*pi*x),"@(x,y) sin(3*pi*x).*cos(3*pi*y)",NaN,NaN,NaN,NaN,"",NaN,F22.dat,F29.dat,0
30,1000,3,"@(x,y) (1.5 + 3.5 *(x>0.2))",18*pi^2*cos(3*pi*y).*sin(3*pi*x),"@(x,y) sin(3*pi*x).*cos(3*pi*y)",NaN,NaN,NaN,NaN,"",NaN,F22.dat,F30.dat,0
31,1000,3,"@(x,y) (50*(y<=0.34) + 398*(y>0.34))",18*pi^2*cos(3*pi*y).*sin(3*pi*x),"@(x,y) sin(3*pi*x).*cos(3*pi*y)",NaN,NaN,NaN,NaN,"",NaN,F22.dat,F31.dat,0
32,1000,3,"@(x,y) (0.1 * (x < 0.25)  + 1.3 * (x >= 0.25) .* (x <0.75)  +  10 * (x>= 0.75 ))",18*pi^2*cos(3*pi*y).*sin(3*pi*x),"@(x,y) sin(3*pi*x).*cos(3*pi*y)",NaN,NaN,NaN,NaN,"",NaN,F22.dat,F32.dat,0
33,1000,3,"@(x,y) (1e9)",18*pi^2*cos(3*pi*y).*sin(3*pi*x),"@(x,y) sin(3*pi*x).*cos(3*pi*y)",NaN,NaN,NaN,NaN,"",NaN,,F33.dat,0
34,1000,4,"@(x,y) (5)",18*pi^2*cos(3*pi*y).*sin(3*pi*x),"@(x,y) sin(3*pi*x).*cos(3*pi*y)",NaN,NaN,NaN,NaN,"",NaN,,F34.dat,0
35,1000,4,"@(x,y) (0.03)",18*pi^2*cos(3*pi*y).*sin(3*pi*x),"@(x,y) sin(3*pi*x).*cos(3*pi*y)",NaN,NaN,NaN,NaN,"",NaN,,F35.dat,0
36,1000,4,"@(x,y) (25)",18*pi^2*cos(3*pi*y).*sin(3*pi*x),"@(x,y) sin(3*pi*x).*cos(3*pi*y)",NaN,NaN,NaN,NaN,"",NaN,,F36.dat,0
37,1000,4,"@(x,y) (1e-5)",18*pi^2*cos(3*pi*y).*sin(3*pi*x),"@(x,y) sin(3*pi*x).*cos(3*pi*y)",NaN,NaN,NaN,NaN,"",NaN,,F37.dat,0
38,1000,4,"@(x,y) (7*1e2)",18*pi^2*cos(3*pi*y).*sin(3*pi*x),"@(x,y) sin(3*pi*x).*cos(3*pi*y)",NaN,NaN,NaN,NaN,"",NaN,,F38.dat,0
39,1000,4,"@(x,y) (0.01 * (x<0.5) + 150 * (x>=0.5))",18*pi^2*cos(3*pi*y).*sin(3*pi*x),"@(x,y) sin(3*pi*x).*cos(3*pi*y)",NaN,NaN,NaN,NaN,"",NaN,,F39.dat,0
40,1000,4,"@(x,y) (8e-4 * (y<0.5) + 5e-7* (y>=0.5))",18*pi^2*cos(3*pi*y).*sin(3*pi*x),"@(x,y) sin(3*pi*x).*cos(3*pi*y)",NaN,NaN,NaN,NaN,"",NaN,,F40.dat,0
41,1000,4,"@(x,y) (1.5 + 3.5 *(x>0.2))",18*pi^2*cos(3*pi*y).*sin(3*pi*x),"@(x,y) sin(3*pi*x).*cos(3*pi*y)",NaN,NaN,NaN,NaN,"",NaN,,F41.dat,0
42,1000,4,"@(x,y) (50*(y<=0.34) + 398*(y>0.34))",18*pi^2*cos(3*pi*y).*sin(3*pi*x),"@(x,y) sin(3*pi*x).*cos(3*pi*y)",NaN,NaN,NaN,NaN,"",NaN,,F42.dat,0
43,1000,4,"@(x,y) (0.1 * (x < 0.25)  + 1.3 * (x >= 0.25) .* (x <0.75)  +  10 * (x>= 0.75 ))",18*pi^2*cos(3*pi*y).*sin(3*pi*x),"@(x,y) sin(3*pi*x).*cos(3*pi*y)",NaN,NaN,NaN,NaN,"",NaN,,F43.dat,0
44,1000,4,"@(x,y) (1e9)",18*pi^2*cos(3*pi*y).*sin(3*pi*x),"@(x,y) sin(3*pi*x).*cos(3*pi*y)",NaN,NaN,NaN,NaN,"",NaN,,F44.dat,0
45,3000,1,"@(x,y) (5)",18*pi^2*cos(3*pi*y).*sin(3*pi*x),"@(x,y) sin(3*pi*x).*cos(3*pi*y)",NaN,NaN,NaN,NaN,"",NaN,,F45.dat,0
46,3000,1,"@(x,y) (0.03)",18*pi^2*cos(3*pi*y).*sin(3*pi*x),"@(x,y) sin(3*pi*x).*cos(3*pi*y)",NaN,NaN,NaN,NaN,"",NaN,,F46.dat,0
47,3000,1,"@(x,y) (25)",18*pi^2*cos(3*pi*y).*sin(3*pi*x),"@(x,y) sin(3*pi*x).*cos(3*pi*y)",NaN,NaN,NaN,NaN,"",NaN,,F47.dat,0
48,3000,1,"@(x,y) (1e-5)",18*pi^2*cos(3*pi*y).*sin(3*pi*x),"@(x,y) sin(3*pi*x).*cos(3*pi*y)",NaN,NaN,NaN,NaN,"",NaN,,F48.dat,0
49,3000,1,"@(x,y) (7*1e2)",18*pi^2*cos(3*pi*y).*sin(3*pi*x),"@(x,y) sin(3*pi*x).*cos(3*pi*y)",NaN,NaN,NaN,NaN,"",NaN,,F49.dat,0
50,3000,1,"@(x,y) (0.01 * (x<0.5) + 150 * (x>=0.5))",18*pi^2*cos(3*pi*y).*sin(3*pi*x),"@(x,y) sin(3*pi*x).*cos(3*pi*y)",NaN,NaN,NaN,NaN,"",NaN,,F50.dat,0
51,3000,1,"@(x,y) (8e-4 * (y<0.5) + 5e-7* (y>=0.5))",18*pi^2*cos(3*pi*y).*sin(3*pi*x),"@(x,y) sin(3*pi*x).*cos(3*pi*y)",NaN,NaN,NaN,NaN,"",NaN,,F51.dat,0
52,3000,1,"@(x,y) (1.5 + 3.5 *(x>0.2))",18*pi^2*cos(3*pi*y).*sin(3*pi*x),"@(x,y) sin(3*pi*x).*cos(3*pi*y)",NaN,NaN,NaN,NaN,"",NaN,,F52.dat,0
53,3000,1,"@(x,y) (50*(y<=0.34) + 398*(y>0.34))",18*pi^2*cos(3*pi*y).*sin(3*pi*x),"@(x,y) sin(3*pi*x).*cos(3*pi*y)",NaN,NaN,NaN,NaN,"",NaN,,F53.dat,0
54,3000,1,"@(x,y) (0.1 * (x < 0.25)  + 1.3 * (x >= 0.25) .* (x <0.75)  +  10 * (x>= 0.75 ))",18*pi^2*cos(3*pi*y).*sin(3*pi*x),"@(x,y) sin(3*pi*x).*cos(3*pi*y)",NaN,NaN,NaN,NaN,"",NaN,,F54.dat,0
55,3000,1,"@(x,y) (1e9)",18*pi^2*cos(3*pi*y).*sin(3*pi*x),"@(x,y) sin(3*pi*x).*cos(3*pi*y)",NaN,NaN,NaN,NaN,"",NaN,,F55.dat,0
56,3000,2,"@(x,y) (5)",18*pi^2*cos(3*pi*y).*sin(3*pi*x),"@(x,y) sin(3*pi*x).*cos(3*pi*y)",NaN,NaN,NaN,NaN,"",NaN,,F56.dat,0
57,3000,2,"@(x,y) (0.03)",18*pi^2*cos(3*pi*y).*sin(3*pi*x),"@(x,y) sin(3*pi*x).*cos(3*pi*y)",NaN,NaN,NaN,NaN,"",NaN,,F57.dat,0
58,3000,2,"@(x,y) (25)",18*pi^2*cos(3*pi*y).*sin(3*pi*x),"@(x,y) sin(3*pi*x).*cos(3*pi*y)",NaN,NaN,NaN,NaN,"",NaN,,F58.dat,0
59,3000,2,"@(x,y) (1e-5)",18*pi^2*cos(3*pi*y).*sin(3*pi*x),"@(x,y) sin(3*pi*x).*cos(3*pi*y)",NaN,NaN,NaN,NaN,"",NaN,,F59.dat,0
60,3000,2,"@(x,y) (7*1e2)",18*pi^2*cos(3*pi*y).*sin(3*pi*x),"@(x,y) sin(3*pi*x).*cos(3*pi*y)",NaN,NaN,NaN,NaN,"",NaN,,F60.dat,0
61,3000,2,"@(x,y) (0.01 * (x<0.5) + 150 * (x>=0.5))",18*pi^2*cos(3*pi*y).*sin(3*pi*x),"@(x,y) sin(3*pi*x).*cos(3*pi*y)",NaN,NaN,NaN,NaN,"",NaN,,F61.dat,0
62,3000,2,"@(x,y) (8e-4 * (y<0.5) + 5e-7* (y>=0.5))",18*pi^2*cos(3*pi*y).*sin(3*pi*x),"@(x,y) sin(3*pi*x).*cos(3*pi*y)",NaN,NaN,NaN,NaN,"",NaN,,F62.dat,0
63,3000,2,"@(x,y) (1.5 + 3.5 *(x>0.2))",18*pi^2*cos(3*pi*y).*sin(3*pi*x),"@(x,y) sin(3*pi*x).*cos(3*pi*y)",NaN,NaN,NaN,NaN,"",NaN,,F63.dat,0
64,3000,2,"@(x,y) (50*(y<=0.34) + 398*(y>0.34))",18*pi^2*cos(3*pi*y).*sin(3*pi*x),"@(x,y) sin(3*pi*x).*cos(3*pi*y)",NaN,NaN,NaN,NaN,"",NaN,,F64.dat,0
65,3000,2,"@(x,y) (0.1 * (x < 0.25)  + 1.3 * (x >= 0.25) .* (x <0.75)  +  10 * (x>= 0.75 ))",18*pi^2*cos(3*pi*y).*sin(3*pi*x),"@(x,y) sin(3*pi*x).*cos(3*pi*y)",NaN,NaN,NaN,NaN,"",NaN,,F65.dat,0
66,3000,2,"@(x,y) (1e9)",18*pi^2*cos(3*pi*y).*sin(3*pi*x),"@(x,y) sin(3*pi*x).*cos(3*pi*y)",NaN,NaN,NaN,NaN,"",NaN,,F66.dat,0
67,3000,3,"@(x,y) (5)",18*pi^2*cos(3*pi*y).*sin(3*pi*x),"@(x,y) sin(3*pi*x).*cos(3*pi*y)",NaN,NaN,NaN,NaN,"",NaN,,F67.dat,0
68,3000,3,"@(x,y) (0.03)",18*pi^2*cos(3*pi*y).*sin(3*pi*x),"@(x,y) sin(3*pi*x).*cos(3*pi*y)",NaN,NaN,NaN,NaN,"",NaN,,F68.dat,0
69,3000,3,"@(x,y) (25)",18*pi^2*cos(3*pi*y).*sin(3*pi*x),"@(x,y) sin(3*pi*x).*cos(3*pi*y)",NaN,NaN,NaN,NaN,"",NaN,,F69.dat,0
70,3000,3,"@(x,y) (1e-5)",18*pi^2*cos(3*pi*y).*sin(3*pi*x),"@(x,y) sin(3*pi*x).*cos(3*pi*y)",NaN,NaN,NaN,NaN,"",NaN,,F70.dat,0
71,3000,3,"@(x,y) (7*1e2)",18*pi^2*cos(3*pi*y).*sin(3*pi*x),"@(x,y) sin(3*pi*x).*cos(3*pi*y)",NaN,NaN,NaN,NaN,"",NaN,,F71.dat,0
72,3000,3,"@(x,y) (0.01 * (x<0.5) + 150 * (x>=0.5))",18*pi^2*cos(3*pi*y).*sin(3*pi*x),"@(x,y) sin(3*pi*x).*cos(3*pi*y)",NaN,NaN,NaN,NaN,"",NaN,,F72.dat,0
73,3000,3,"@(x,y) (8e-4 * (y<0.5) + 5e-7* (y>=0.5))",18*pi^2*cos(3*pi*y).*sin(3*pi*x),"@(x,y) sin(3*pi*x).*cos(3*pi*y)",NaN,NaN,NaN,NaN,"",NaN,,F73.dat,0
74,3000,3,"@(x,y) (1.5 + 3.5 *(x>0.2))",18*pi^2*cos(3*pi*y).*sin(3*pi*x),"@(x,y) sin(3*pi*x).*cos(3*pi*y)",NaN,NaN,NaN,NaN,"",NaN,,F74.dat,0
75,3000,3,"@(x,y) (50*(y<=0.34) + 398*(y>0.34))",18*pi^2*cos(3*pi*y).*sin(3*pi*x),"@(x,y) sin(3*pi*x).*cos(3*pi*y)",NaN,NaN,NaN,NaN,"",NaN,,F75.dat,0
76,3000,3,"@(x,y) (0.1 * (x < 0.25)  + 1.3 * (x >= 0.25) .* (x <0.75)  +  10 * (x>= 0.75 ))",18*pi^2*cos(3*pi*y).*sin(3*pi*x),"@(x,y) sin(3*pi*x).*cos(3*pi*y)",NaN,NaN,NaN,NaN,"",NaN,,F76.dat,0
77,3000,3,"@(x,y) (1e9)",18*pi^2*cos(3*pi*y).*sin(3*pi*x),"@(x,y) sin(3*pi*x).*cos(3*pi*y)",NaN,NaN,NaN,NaN,"",NaN,,F77.dat,0
78,3000,4,"@(x,y) (5)",18*pi^2*cos(3*pi*y).*sin(3*pi*x),"@(x,y) sin(3*pi*x).*cos(3*pi*y)",NaN,NaN,NaN,NaN,"",NaN,,F78.dat,0
79,3000,4,"@(x,y) (0.03)",18*pi^2*cos(3*pi*y).*sin(3*pi*x),"@(x,y) sin(3*pi*x).*cos(3*pi*y)",NaN,NaN,NaN,NaN,"",NaN,,F79.dat,0
80,3000,4,"@(x,y) (25)",18*pi^2*cos(3*pi*y).*sin(3*pi*x),"@(x,y) sin(3*pi*x).*cos(3*pi*y)",NaN,NaN,NaN,NaN,"",NaN,,F80.dat,0
81,3000,4,"@(x,y) (1e-5)",18*pi^2*cos(3*pi*y).*sin(3*pi*x),"@(x,y) sin(3*pi*x).*cos(3*pi*y)",NaN,NaN,NaN,NaN,"",NaN,,F81.dat,0
82,3000,4,"@(x,y) (7*1e2)",18*pi^2*cos(3*pi*y).*sin(3*pi*x),"@(x,y) sin(3*pi*x).*cos(3*pi*y)",NaN,NaN,NaN,NaN,"",NaN,,F82.dat,0
83,3000,4,"@(x,y) (0.01 * (x<0.5) + 150 * (x>=0.5))",18*pi^2*cos(3*pi*y).*sin(3*pi*x),"@(x,y) sin(3*pi*x).*cos(3*pi*y)",NaN,NaN,NaN,NaN,"",NaN,,F83.dat,0
84,3000,4,"@(x,y) (8e-4 * (y<0.5) + 5e-7* (y>=0.5))",18*pi^2*cos(3*pi*y).*sin(3*pi*x),"@(x,y) sin(3*pi*x).*cos(3*pi*y)",NaN,NaN,NaN,NaN,"",NaN,,F84.dat,0
85,3000,4,"@(x,y) (1.5 + 3.5 *(x>0.2))",18*pi^2*cos(3*pi*y).*sin(3*pi*x),"@(x,y) sin(3*pi*x).*cos(3*pi*y)",NaN,NaN,NaN,NaN,"",NaN,,F85.dat,0
86,3000,4,"@(x,y) (50*(y<=0.34) + 398*(y>0.34))",18*pi^2*cos(3*pi*y).*sin(3*pi*x),"@(x,y) sin(3*pi*x).*cos(3*pi*y)",NaN,NaN,NaN,NaN,"",NaN,,F86.dat,0
87,3000,4,"@(x,y) (0.1 * (x < 0.25)  + 1.3 * (x >= 0.25) .* (x <0.75)  +  10 * (x>= 0.75 ))",18*pi^2*cos(3*pi*y).*sin(3*pi*x),"@(x,y) sin(3*pi*x).*cos(3*pi*y)",NaN,NaN,NaN,NaN,"",NaN,,F87.dat,0
88,3000,4,"@(x,y) (1e9)",18*pi^2*cos(3*pi*y).*sin(3*pi*x),"@(x,y) sin(3*pi*x).*cos(3*pi*y)",NaN,NaN,NaN,NaN,"",NaN,,F88.dat,0
89,5000,1,"@(x,y) (5)",18*pi^2*cos(3*pi*y).*sin(3*pi*x),"@(x,y) sin(3*pi*x).*cos(3*pi*y)",NaN,NaN,NaN,NaN,"",NaN,,F89.dat,0
90,5000,1,"@(x,y) (0.03)",18*pi^2*cos(3*pi*y).*sin(3*pi*x),"@(x,y) sin(3*pi*x).*cos(3*pi*y)",NaN,NaN,NaN,NaN,"",NaN,,F90.dat,0
91,5000,1,"@(x,y) (25)",18*pi^2*cos(3*pi*y).*sin(3*pi*x),"@(x,y) sin(3*pi*x).*cos(3*pi*y)",NaN,NaN,NaN,NaN,"",NaN,,F91.dat,0
92,5000,1,"@(x,y) (1e-5)",18*pi^2*cos(3*pi*y).*sin(3*pi*x),"@(x,y) sin(3*pi*x).*cos(3*pi*y)",NaN,NaN,NaN,NaN,"",NaN,,F92.dat,0
93,5000,1,"@(x,y) (7*1e2)",18*pi^2*cos(3*pi*y).*sin(3*pi*x),"@(x,y) sin(3*pi*x).*cos(3*pi*y)",NaN,NaN,NaN,NaN,"",NaN,,F93.dat,0
94,5000,1,"@(x,y) (0.01 * (x<0.5) + 150 * (x>=0.5))",18*pi^2*cos(3*pi*y).*sin(3*pi*x),"@(x,y) sin(3*pi*x).*cos(3*pi*y)",NaN,NaN,NaN,NaN,"",NaN,,F94.dat,0
95,5000,1,"@(x,y) (8e-4 * (y<0.5) + 5e-7* (y>=0.5))",18*pi^2*cos(3*pi*y).*sin(3*pi*x),"@(x,y) sin(3*pi*x).*cos(3*pi*y)",NaN,NaN,NaN,NaN,"",NaN,,F95.dat,0
96,5000,1,"@(x,y) (1.5 + 3.5 *(x>0.2))",18*pi^2*cos(3*pi*y).*sin(3*pi*x),"@(x,y) sin(3*pi*x).*cos(3*pi*y)",NaN,NaN,NaN,NaN,"",NaN,,F96.dat,0
97,5000,1,"@(x,y) (50*(y<=0.34) + 398*(y>0.34))",18*pi^2*cos(3*pi*y).*sin(3*pi*x),"@(x,y) sin(3*pi*x).*cos(3*pi*y)",NaN,NaN,NaN,NaN,"",NaN,,F97.dat,0
98,5000,1,"@(x,y) (0.1 * (x < 0.25)  + 1.3 * (x >= 0.25) .* (x <0.75)  +  10 * (x>= 0.75 ))",18*pi^2*cos(3*pi*y).*sin(3*pi*x),"@(x,y) sin(3*pi*x).*cos(3*pi*y)",NaN,NaN,NaN,NaN,"",NaN,,F98.dat,0
99,5000,1,"@(x,y) (1e9)",18*pi^2*cos(3*pi*y).*sin(3*pi*x),"@(x,y) sin(3*pi*x).*cos(3*pi*y)",NaN,NaN,NaN,NaN,"",NaN,,F99.dat,0
100,5000,2,"@(x,y) (5)",18*pi^2*cos(3*pi*y).*sin(3*pi*x),"@(x,y) sin(3*pi*x).*cos(3*pi*y)",NaN,NaN,NaN,NaN,"",NaN,,F100.dat,0
101,5000,2,"@(x,y) (0.03)",18*pi^2*cos(3*pi*y).*sin(3*pi*x),"@(x,y) sin(3*pi*x).*cos(3*pi*y)",NaN,NaN,NaN,NaN,"",NaN,,F101.dat,0
102,5000,2,"@(x,y) (25)",18*pi^2*cos(3*pi*y).*sin(3*pi*x),"@(x,y) sin(3*pi*x).*cos(3*pi*y)",NaN,NaN,NaN,NaN,"",NaN,,F102.dat,0
103,5000,2,"@(x,y) (1e-5)",18*pi^2*cos(3*pi*y).*sin(3*pi*x),"@(x,y) sin(3*pi*x).*cos(3*pi*y)",NaN,NaN,NaN,NaN,"",NaN,,F103.dat,0
104,5000,2,"@(x,y) (7*1e2)",18*pi^2*cos(3*pi*y).*sin(3*pi*x),"@(x,y) sin(3*pi*x).*cos(3*pi*y)",NaN,NaN,NaN,NaN,"",NaN,,F104.dat,0
105,5000,2,"@(x,y) (0.01 * (x<0.5) + 150 * (x>=0.5))",18*pi^2*cos(3*pi*y).*sin(3*pi*x),"@(x,y) sin(3*pi*x).*cos(3*pi*y)",NaN,NaN,NaN,NaN,"",NaN,,F105.dat,0
106,5000,2,"@(x,y) (8e-4 * (y<0.5) + 5e-7* (y>=0.5))",18*pi^2*cos(3*pi*y).*sin(3*pi*x),"@(x,y) sin(3*pi*x).*cos(3*pi*y)",NaN,NaN,NaN,NaN,"",NaN,,F106.dat,0
107,5000,2,"@(x,y) (1.5 + 3.5 *(x>0.2))",18*pi^2*cos(3*pi*y).*sin(3*pi*x),"@(x,y) sin(3*pi*x).*cos(3*pi*y)",NaN,NaN,NaN,NaN,"",NaN,,F107.dat,0
108,5000,2,"@(x,y) (50*(y<=0.34) + 398*(y>0.34))",18*pi^2*cos(3*pi*y).*sin(3*pi*x),"@(x,y) sin(3*pi*x).*cos(3*pi*y)",NaN,NaN,NaN,NaN,"",NaN,,F108.dat,0
109,5000,2,"@(x,y) (0.1 * (x < 0.25)  + 1.3 * (x >= 0.25) .* (x <0.75)  +  10 * (x>= 0.75 ))",18*pi^2*cos(3*pi*y).*sin(3*pi*x),"@(x,y) sin(3*pi*x).*cos(3*pi*y)",NaN,NaN,NaN,NaN,"",NaN,,F109.dat,0
110,5000,2,"@(x,y) (1e9)",18*pi^2*cos(3*pi*y).*sin(3*pi*x),"@(x,y) sin(3*pi*x).*cos(3*pi*y)",NaN,NaN,NaN,NaN,"",NaN,,F110.dat,0
111,5000,3,"@(x,y) (5)",18*pi^2*cos(3*pi*y).*sin(3*pi*x),"@(x,y) sin(3*pi*x).*cos(3*pi*y)",NaN,NaN,NaN,NaN,"",NaN,,F111.dat,0
112,5000,3,"@(x,y) (0.03)",18*pi^2*cos(3*pi*y).*sin(3*pi*x),"@(x,y) sin(3*pi*x).*cos(3*pi*y)",NaN,NaN,NaN,NaN,"",NaN,,F112.dat,0
113,5000,3,"@(x,y) (25)",18*pi^2*cos(3*pi*y).*sin(3*pi*x),"@(x,y) sin(3*pi*x).*cos(3*pi*y)",NaN,NaN,NaN,NaN,"",NaN,,F113.dat,0
114,5000,3,"@(x,y) (1e-5)",18*pi^2*cos(3*pi*y).*sin(3*pi*x),"@(x,y) sin(3*pi*x).*cos(3*pi*y)",NaN,NaN,NaN,NaN,"",NaN,,F114.dat,0
115,5000,3,"@(x,y) (7*1e2)",18*pi^2*cos(3*pi*y).*sin(3*pi*x),"@(x,y) sin(3*pi*x).*cos(3*pi*y)",NaN,NaN,NaN,NaN,"",NaN,,F115.dat,0
116,5000,3,"@(x,y) (0.01 * (x<0.5) + 150 * (x>=0.5))",18*pi^2*cos(3*pi*y).*sin(3*pi*x),"@(x,y) sin(3*pi*x).*cos(3*pi*y)",NaN,NaN,NaN,NaN,"",NaN,,F116.dat,0
117,5000,3,"@(x,y) (8e-4 * (y<0.5) + 5e-7* (y>=0.5))",18*pi^2*cos(3*pi*y).*sin(3*pi*x),"@(x,y) sin(3*pi*x).*cos(3*pi*y)",NaN,NaN,NaN,NaN,"",NaN,,F117.dat,0
118,5000,3,"@(x,y) (1.5 + 3.5 *(x>0.2))",18*pi^2*cos(3*pi*y).*sin(3*pi*x),"@(x,y) sin(3*pi*x).*cos(3*pi*y)",NaN,NaN,NaN,NaN,"",NaN,,F118.dat,0
119,5000,3,"@(x,y) (50*(y<=0.34) + 398*(y>0.34))",18*pi^2*cos(3*pi*y).*sin(3*pi*x),"@(x,y) sin(3*pi*x).*cos(3*pi*y)",NaN,NaN,NaN,NaN,"",NaN,,F119.dat,0
120,5000,3,"@(x,y) (0.1 * (x < 0.25)  + 1.3 * (x >= 0.25) .* (x <0.75)  +  10 * (x>= 0.75 ))",18*pi^2*cos(3*pi*y).*sin(3*pi*x),"@(x,y) sin(3*pi*x).*cos(3*pi*y)",NaN,NaN,NaN,NaN,"",NaN,,F120.dat,0
121,5000,3,"@(x,y) (1e9)",18*pi^2*cos(3*pi*y).*sin(3*pi*x),"@(x,y) sin(3*pi*x).*cos(3*pi*y)",NaN,NaN,NaN,NaN,"",NaN,,F121.dat,0
122,5000,4,"@(x,y) (5)",18*pi^2*cos(3*pi*y).*sin(3*pi*x),"@(x,y) sin(3*pi*x).*cos(3*pi*y)",NaN,NaN,NaN,NaN,"",NaN,,F122.dat,0
123,5000,4,"@(x,y) (0.03)",18*pi^2*cos(3*pi*y).*sin(3*pi*x),"@(x,y) sin(3*pi*x).*cos(3*pi*y)",NaN,NaN,NaN,NaN,"",NaN,,F123.dat,0
124,5000,4,"@(x,y) (25)",18*pi^2*cos(3*pi*y).*sin(3*pi*x),"@(x,y) sin(3*pi*x).*cos(3*pi*y)",NaN,NaN,NaN,NaN,"",NaN,,F124.dat,0
125,5000,4,"@(x,y) (1e-5)",18*pi^2*cos(3*pi*y).*sin(3*pi*x),"@(x,y) sin(3*pi*x).*cos(3*pi*y)",NaN,NaN,NaN,NaN,"",NaN,,F125.dat,0
126,5000,4,"@(x,y) (7*1e2)",18*pi^2*cos(3*pi*y).*sin(3*pi*x),"@(x,y) sin(3*pi*x).*cos(3*pi*y)",NaN,NaN,NaN,NaN,"",NaN,,F126.dat,0
127,5000,4,"@(x,y) (0.01 * (x<0.5) + 150 * (x>=0.5))",18*pi^2*cos(3*pi*y).*sin(3*pi*x),"@(x,y) sin(3*pi*x).*cos(3*pi*y)",NaN,NaN,NaN,NaN,"",NaN,,F127.dat,0
128,5000,4,"@(x,y) (8e-4 * (y<0.5) + 5e-7* (y>=0.5))",18*pi^2*cos(3*pi*y).*sin(3*pi*x),"@(x,y) sin(3*pi*x).*cos(3*pi*y)",NaN,NaN,NaN,NaN,"",NaN,,F128.dat,0
129,5000,4,"@(x,y) (1.5 + 3.5 *(x>0.2))",18*pi^2*cos(3*pi*y).*sin(3*pi*x),"@(x,y) sin(3*pi*x).*cos(3*pi*y)",NaN,NaN,NaN,NaN,"",NaN,,F129.dat,0
130,5000,4,"@(x,y) (50*(y<=0.34) + 398*(y>0.34))",18*pi^2*cos(3*pi*y).*sin(3*pi*x),"@(x,y) sin(3*pi*x).*cos(3*pi*y)",NaN,NaN,NaN,NaN,"",NaN,,F130.dat,0
131,5000,4,"@(x,y) (0.1 * (x < 0.25)  + 1.3 * (x >= 0.25) .* (x <0.75)  +  10 * (x>= 0.75 ))",18*pi^2*cos(3*pi*y).*sin(3*pi*x),"@(x,y) sin(3*pi*x).*cos(3*pi*y)",NaN,NaN,NaN,NaN,"",NaN,,F131.dat,0
132,5000,4,"@(x,y) (1e9)",18*pi^2*cos(3*pi*y).*sin(3*pi*x),"@(x,y) sin(3*pi*x).*cos(3*pi*y)",NaN,NaN,NaN,NaN,"",NaN,,F132.dat,0
133,7000,1,"@(x,y) (5)",18*pi^2*cos(3*pi*y).*sin(3*pi*x),"@(x,y) sin(3*pi*x).*cos(3*pi*y)",NaN,NaN,NaN,NaN,"",NaN,,F133.dat,0
134,7000,1,"@(x,y) (0.03)",18*pi^2*cos(3*pi*y).*sin(3*pi*x),"@(x,y) sin(3*pi*x).*cos(3*pi*y)",NaN,NaN,NaN,NaN,"",NaN,,F134.dat,0
135,7000,1,"@(x,y) (25)",18*pi^2*cos(3*pi*y).*sin(3*pi*x),"@(x,y) sin(3*pi*x).*cos(3*pi*y)",NaN,NaN,NaN,NaN,"",NaN,,F135.dat,0
136,7000,1,"@(x,y) (1e-5)",18*pi^2*cos(3*pi*y).*sin(3*pi*x),"@(x,y) sin(3*pi*x).*cos(3*pi*y)",NaN,NaN,NaN,NaN,"",NaN,,F136.dat,0
137,7000,1,"@(x,y) (7*1e2)",18*pi^2*cos(3*pi*y).*sin(3*pi*x),"@(x,y) sin(3*pi*x).*cos(3*pi*y)",NaN,NaN,NaN,NaN,"",NaN,,F137.dat,0
138,7000,1,"@(x,y) (0.01 * (x<0.5) + 150 * (x>=0.5))",18*pi^2*cos(3*pi*y).*sin(3*pi*x),"@(x,y) sin(3*pi*x).*cos(3*pi*y)",NaN,NaN,NaN,NaN,"",NaN,,F138.dat,0
139,7000,1,"@(x,y) (8e-4 * (y<0.5) + 5e-7* (y>=0.5))",18*pi^2*cos(3*pi*y).*sin(3*pi*x),"@(x,y) sin(3*pi*x).*cos(3*pi*y)",NaN,NaN,NaN,NaN,"",NaN,,F139.dat,0
140,7000,1,"@(x,y) (1.5 + 3.5 *(x>0.2))",18*pi^2*cos(3*pi*y).*sin(3*pi*x),"@(x,y) sin(3*pi*x).*cos(3*pi*y)",NaN,NaN,NaN,NaN,"",NaN,,F140.dat,0
141,7000,1,"@(x,y) (50*(y<=0.34) + 398*(y>0.34))",18*pi^2*cos(3*pi*y).*sin(3*pi*x),"@(x,y) sin(3*pi*x).*cos(3*pi*y)",NaN,NaN,NaN,NaN,"",NaN,,F141.dat,0
142,7000,1,"@(x,y) (0.1 * (x < 0.25)  + 1.3 * (x >= 0.25) .* (x <0.75)  +  10 * (x>= 0.75 ))",18*pi^2*cos(3*pi*y).*sin(3*pi*x),"@(x,y) sin(3*pi*x).*cos(3*pi*y)",NaN,NaN,NaN,NaN,"",NaN,,F142.dat,0
143,7000,1,"@(x,y) (1e9)",18*pi^2*cos(3*pi*y).*sin(3*pi*x),"@(x,y) sin(3*pi*x).*cos(3*pi*y)",NaN,NaN,NaN,NaN,"",NaN,,F143.dat,0
144,7000,2,"@(x,y) (5)",18*pi^2*cos(3*pi*y).*sin(3*pi*x),"@(x,y) sin(3*pi*x).*cos(3*pi*y)",NaN,NaN,NaN,NaN,"",NaN,,F144.dat,0
145,7000,2,"@(x,y) (0.03)",18*pi^2*cos(3*pi*y).*sin(3*pi*x),"@(x,y) sin(3*pi*x).*cos(3*pi*y)",NaN,NaN,NaN,NaN,"",NaN,,F145.dat,0
146,7000,2,"@(x,y) (25)",18*pi^2*cos(3*pi*y).*sin(3*pi*x),"@(x,y) sin(3*pi*x).*cos(3*pi*y)",NaN,NaN,NaN,NaN,"",NaN,,F146.dat,0
147,7000,2,"@(x,y) (1e-5)",18*pi^2*cos(3*pi*y).*sin(3*pi*x),"@(x,y) sin(3*pi*x).*cos(3*pi*y)",NaN,NaN,NaN,NaN,"",NaN,,F147.dat,0
148,7000,2,"@(x,y) (7*1e2)",18*pi^2*cos(3*pi*y).*sin(3*pi*x),"@(x,y) sin(3*pi*x).*cos(3*pi*y)",NaN,NaN,NaN,NaN,"",NaN,,F148.dat,0
149,7000,2,"@(x,y) (0.01 * (x<0.5) + 150 * (x>=0.5))",18*pi^2*cos(3*pi*y).*sin(3*pi*x),"@(x,y) sin(3*pi*x).*cos(3*pi*y)",NaN,NaN,NaN,NaN,"",NaN,,F149.dat,0
150,7000,2,"@(x,y) (8e-4 * (y<0.5) + 5e-7* (y>=0.5))",18*pi^2*cos(3*pi*y).*sin(3*pi*x),"@(x,y) sin(3*pi*x).*cos(3*pi*y)",NaN,NaN,NaN,NaN,"",NaN,,F150.dat,0
151,7000,2,"@(x,y) (1.5 + 3.5 *(x>0.2))",18*pi^2*cos(3*pi*y).*sin(3*pi*x),"@(x,y) sin(3*pi*x).*cos(3*pi*y)",NaN,NaN,NaN,NaN,"",NaN,,F151.dat,0
152,7000,2,"@(x,y) (50*(y<=0.34) + 398*(y>0.34))",18*pi^2*cos(3*pi*y).*sin(3*pi*x),"@(x,y) sin(3*pi*x).*cos(3*pi*y)",NaN,NaN,NaN,NaN,"",NaN,,F152.dat,0
153,7000,2,"@(x,y) (0.1 * (x < 0.25)  + 1.3 * (x >= 0.25) .* (x <0.75)  +  10 * (x>= 0.75 ))",18*pi^2*cos(3*pi*y).*sin(3*pi*x),"@(x,y) sin(3*pi*x).*cos(3*pi*y)",NaN,NaN,NaN,NaN,"",NaN,,F153.dat,0
154,7000,2,"@(x,y) (1e9)",18*pi^2*cos(3*pi*y).*sin(3*pi*x),"@(x,y) sin(3*pi*x).*cos(3*pi*y)",NaN,NaN,NaN,NaN,"",NaN,,F154.dat,0
155,7000,3,"@(x,y) (5)",18*pi^2*cos(3*pi*y).*sin(3*pi*x),"@(x,y) sin(3*pi*x).*cos(3*pi*y)",NaN,NaN,NaN,NaN,"",NaN,,F155.dat,0
156,7000,3,"@(x,y) (0.03)",18*pi^2*cos(3*pi*y).*sin(3*pi*x),"@(x,y) sin(3*pi*x).*cos(3*pi*y)",NaN,NaN,NaN,NaN,"",NaN,,F156.dat,0
157,7000,3,"@(x,y) (25)",18*pi^2*cos(3*pi*y).*sin(3*pi*x),"@(x,y) sin(3*pi*x).*cos(3*pi*y)",NaN,NaN,NaN,NaN,"",NaN,,F157.dat,0
158,7000,3,"@(x,y) (1e-5)",18*pi^2*cos(3*pi*y).*sin(3*pi*x),"@(x,y) sin(3*pi*x).*cos(3*pi*y)",NaN,NaN,NaN,NaN,"",NaN,,F158.dat,0
159,7000,3,"@(x,y) (7*1e2)",18*pi^2*cos(3*pi*y).*sin(3*pi*x),"@(x,y) sin(3*pi*x).*cos(3*pi*y)",NaN,NaN,NaN,NaN,"",NaN,,F159.dat,0
160,7000,3,"@(x,y) (0.01 * (x<0.5) + 150 * (x>=0.5))",18*pi^2*cos(3*pi*y).*sin(3*pi*x),"@(x,y) sin(3*pi*x).*cos(3*pi*y)",NaN,NaN,NaN,NaN,"",NaN,,F160.dat,0
161,7000,3,"@(x,y) (8e-4 * (y<0.5) + 5e-7* (y>=0.5))",18*pi^2*cos(3*pi*y).*sin(3*pi*x),"@(x,y) sin(3*pi*x).*cos(3*pi*y)",NaN,NaN,NaN,NaN,"",NaN,,F161.dat,0
162,7000,3,"@(x,y) (1.5 + 3.5 *(x>0.2))",18*pi^2*cos(3*pi*y).*sin(3*pi*x),"@(x,y) sin(3*pi*x).*cos(3*pi*y)",NaN,NaN,NaN,NaN,"",NaN,,F162.dat,0
163,7000,3,"@(x,y) (50*(y<=0.34) + 398*(y>0.34))",18*pi^2*cos(3*pi*y).*sin(3*pi*x),"@(x,y) sin(3*pi*x).*cos(3*pi*y)",NaN,NaN,NaN,NaN,"",NaN,,F163.dat,0
164,7000,3,"@(x,y) (0.1 * (x < 0.25)  + 1.3 * (x >= 0.25) .* (x <0.75)  +  10 * (x>= 0.75 ))",18*pi^2*cos(3*pi*y).*sin(3*pi*x),"@(x,y) sin(3*pi*x).*cos(3*pi*y)",NaN,NaN,NaN,NaN,"",NaN,,F164.dat,0
165,7000,3,"@(x,y) (1e9)",18*pi^2*cos(3*pi*y).*sin(3*pi*x),"@(x,y) sin(3*pi*x).*cos(3*pi*y)",NaN,NaN,NaN,NaN,"",NaN,,F165.dat,0
166,7000,4,"@(x,y) (5)",18*pi^2*cos(3*pi*y).*sin(3*pi*x),"@(x,y) sin(3*pi*x).*cos(3*pi*y)",NaN,NaN,NaN,NaN,"",NaN,,F166.dat,0
167,7000,4,"@(x,y) (0.03)",18*pi^2*cos(3*pi*y).*sin(3*pi*x),"@(x,y) sin(3*pi*x).*cos(3*pi*y)",NaN,NaN,NaN,NaN,"",NaN,,F167.dat,0
168,7000,4,"@(x,y) (25)",18*pi^2*cos(3*pi*y).*sin(3*pi*x),"@(x,y) sin(3*pi*x).*cos(3*pi*y)",NaN,NaN,NaN,NaN,"",NaN,,F168.dat,0
169,7000,4,"@(x,y) (1e-5)",18*pi^2*cos(3*pi*y).*sin(3*pi*x),"@(x,y) sin(3*pi*x).*cos(3*pi*y)",NaN,NaN,NaN,NaN,"",NaN,,F169.dat,0
170,7000,4,"@(x,y) (7*1e2)",18*pi^2*cos(3*pi*y).*sin(3*pi*x),"@(x,y) sin(3*pi*x).*cos(3*pi*y)",NaN,NaN,NaN,NaN,"",NaN,,F170.dat,0
171,7000,4,"@(x,y) (0.01 * (x<0.5) + 150 * (x>=0.5))",18*pi^2*cos(3*pi*y).*sin(3*pi*x),"@(x,y) sin(3*pi*x).*cos(3*pi*y)",NaN,NaN,NaN,NaN,"",NaN,,F171.dat,0
172,7000,4,"@(x,y) (8e-4 * (y<0.5) + 5e-7* (y>=0.5))",18*pi^2*cos(3*pi*y).*sin(3*pi*x),"@(x,y) sin(3*pi*x).*cos(3*pi*y)",NaN,NaN,NaN,NaN,"",NaN,,F172.dat,0
173,7000,4,"@(x,y) (1.5 + 3.5 *(x>0.2))",18*pi^2*cos(3*pi*y).*sin(3*pi*x),"@(x,y) sin(3*pi*x).*cos(3*pi*y)",NaN,NaN,NaN,NaN,"",NaN,,F173.dat,0
174,7000,4,"@(x,y) (50*(y<=0.34) + 398*(y>0.34))",18*pi^2*cos(3*pi*y).*sin(3*pi*x),"@(x,y) sin(3*pi*x).*cos(3*pi*y)",NaN,NaN,NaN,NaN,"",NaN,,F174.dat,0
175,7000,4,"@(x,y) (0.1 * (x < 0.25)  + 1.3 * (x >= 0.25) .* (x <0.75)  +  10 * (x>= 0.75 ))",18*pi^2*cos(3*pi*y).*sin(3*pi*x),"@(x,y) sin(3*pi*x).*cos(3*pi*y)",NaN,NaN,NaN,NaN,"",NaN,,F175.dat,0
176,7000,4,"@(x,y) (1e9)",18*pi^2*cos(3*pi*y).*sin(3*pi*x),"@(x,y) sin(3*pi*x).*cos(3*pi*y)",NaN,NaN,NaN,NaN,"",NaN,,F176.dat,0
177,9000,1,"@(x,y) (5)",18*pi^2*cos(3*pi*y).*sin(3*pi*x),"@(x,y) sin(3*pi*x).*cos(3*pi*y)",NaN,NaN,NaN,NaN,"",NaN,,F177.dat,0
178,9000,1,"@(x,y) (0.03)",18*pi^2*cos(3*pi*y).*sin(3*pi*x),"@(x,y) sin(3*pi*x).*cos(3*pi*y)",NaN,NaN,NaN,NaN,"",NaN,,F178.dat,0
179,9000,1,"@(x,y) (25)",18*pi^2*cos(3*pi*y).*sin(3*pi*x),"@(x,y) sin(3*pi*x).*cos(3*pi*y)",NaN,NaN,NaN,NaN,"",NaN,,F179.dat,0
180,9000,1,"@(x,y) (1e-5)",18*pi^2*cos(3*pi*y).*sin(3*pi*x),"@(x,y) sin(3*pi*x).*cos(3*pi*y)",NaN,NaN,NaN,NaN,"",NaN,,F180.dat,0
181,9000,1,"@(x,y) (7*1e2)",18*pi^2*cos(3*pi*y).*sin(3*pi*x),"@(x,y) sin(3*pi*x).*cos(3*pi*y)",NaN,NaN,NaN,NaN,"",NaN,,F181.dat,0
182,9000,1,"@(x,y) (0.01 * (x<0.5) + 150 * (x>=0.5))",18*pi^2*cos(3*pi*y).*sin(3*pi*x),"@(x,y) sin(3*pi*x).*cos(3*pi*y)",NaN,NaN,NaN,NaN,"",NaN,,F182.dat,0
183,9000,1,"@(x,y) (8e-4 * (y<0.5) + 5e-7* (y>=0.5))",18*pi^2*cos(3*pi*y).*sin(3*pi*x),"@(x,y) sin(3*pi*x).*cos(3*pi*y)",NaN,NaN,NaN,NaN,"",NaN,,F183.dat,0
184,9000,1,"@(x,y) (1.5 + 3.5 *(x>0.2))",18*pi^2*cos(3*pi*y).*sin(3*pi*x),"@(x,y) sin(3*pi*x).*cos(3*pi*y)",NaN,NaN,NaN,NaN,"",NaN,,F184.dat,0
185,9000,1,"@(x,y) (50*(y<=0.34) + 398*(y>0.34))",18*pi^2*cos(3*pi*y).*sin(3*pi*x),"@(x,y) sin(3*pi*x).*cos(3*pi*y)",NaN,NaN,NaN,NaN,"",NaN,,F185.dat,0
186,9000,1,"@(x,y) (0.1 * (x < 0.25)  + 1.3 * (x >= 0.25) .* (x <0.75)  +  10 * (x>= 0.75 ))",18*pi^2*cos(3*pi*y).*sin(3*pi*x),"@(x,y) sin(3*pi*x).*cos(3*pi*y)",NaN,NaN,NaN,NaN,"",NaN,,F186.dat,0
187,9000,1,"@(x,y) (1e9)",18*pi^2*cos(3*pi*y).*sin(3*pi*x),"@(x,y) sin(3*pi*x).*cos(3*pi*y)",NaN,NaN,NaN,NaN,"",NaN,,F187.dat,0
188,9000,2,"@(x,y) (5)",18*pi^2*cos(3*pi*y).*sin(3*pi*x),"@(x,y) sin(3*pi*x).*cos(3*pi*y)",NaN,NaN,NaN,NaN,"",NaN,,F188.dat,0
189,9000,2,"@(x,y) (0.03)",18*pi^2*cos(3*pi*y).*sin(3*pi*x),"@(x,y) sin(3*pi*x).*cos(3*pi*y)",NaN,NaN,NaN,NaN,"",NaN,,F189.dat,0
190,9000,2,"@(x,y) (25)",18*pi^2*cos(3*pi*y).*sin(3*pi*x),"@(x,y) sin(3*pi*x).*cos(3*pi*y)",NaN,NaN,NaN,NaN,"",NaN,,F190.dat,0
191,9000,2,"@(x,y) (1e-5)",18*pi^2*cos(3*pi*y).*sin(3*pi*x),"@(x,y) sin(3*pi*x).*cos(3*pi*y)",NaN,NaN,NaN,NaN,"",NaN,,F191.dat,0
192,9000,2,"@(x,y) (7*1e2)",18*pi^2*cos(3*pi*y).*sin(3*pi*x),"@(x,y) sin(3*pi*x).*cos(3*pi*y)",NaN,NaN,NaN,NaN,"",NaN,,F192.dat,0
193,9000,2,"@(x,y) (0.01 * (x<0.5) + 150 * (x>=0.5))",18*pi^2*cos(3*pi*y).*sin(3*pi*x),"@(x,y) sin(3*pi*x).*cos(3*pi*y)",NaN,NaN,NaN,NaN,"",NaN,,F193.dat,0
194,9000,2,"@(x,y) (8e-4 * (y<0.5) + 5e-7* (y>=0.5))",18*pi^2*cos(3*pi*y).*sin(3*pi*x),"@(x,y) sin(3*pi*x).*cos(3*pi*y)",NaN,NaN,NaN,NaN,"",NaN,,F194.dat,0
195,9000,2,"@(x,y) (1.5 + 3.5 *(x>0.2))",18*pi^2*cos(3*pi*y).*sin(3*pi*x),"@(x,y) sin(3*pi*x).*cos(3*pi*y)",NaN,NaN,NaN,NaN,"",NaN,,F195.dat,0
196,9000,2,"@(x,y) (50*(y<=0.34) + 398*(y>0.34))",18*pi^2*cos(3*pi*y).*sin(3*pi*x),"@(x,y) sin(3*pi*x).*cos(3*pi*y)",NaN,NaN,NaN,NaN,"",NaN,,F196.dat,0
197,9000,2,"@(x,y) (0.1 * (x < 0.25)  + 1.3 * (x >= 0.25) .* (x <0.75)  +  10 * (x>= 0.75 ))",18*pi^2*cos(3*pi*y).*sin(3*pi*x),"@(x,y) sin(3*pi*x).*cos(3*pi*y)",NaN,NaN,NaN,NaN,"",NaN,,F197.dat,0
198,9000,2,"@(x,y) (1e9)",18*pi^2*cos(3*pi*y).*sin(3*pi*x),"@(x,y) sin(3*pi*x).*cos(3*pi*y)",NaN,NaN,NaN,NaN,"",NaN,,F198.dat,0
199,9000,3,"@(x,y) (5)",18*pi^2*cos(3*pi*y).*sin(3*pi*x),"@(x,y) sin(3*pi*x).*cos(3*pi*y)",NaN,NaN,NaN,NaN,"",NaN,,F199.dat,0
200,9000,3,"@(x,y) (0.03)",18*pi^2*cos(3*pi*y).*sin(3*pi*x),"@(x,y) sin(3*pi*x).*cos(3*pi*y)",NaN,NaN,NaN,NaN,"",NaN,,F200.dat,0
201,9000,3,"@(x,y) (25)",18*pi^2*cos(3*pi*y).*sin(3*pi*x),"@(x,y) sin(3*pi*x).*cos(3*pi*y)",NaN,NaN,NaN,NaN,"",NaN,,F201.dat,0
202,9000,3,"@(x,y) (1e-5)",18*pi^2*cos(3*pi*y).*sin(3*pi*x),"@(x,y) sin(3*pi*x).*cos(3*pi*y)",NaN,NaN,NaN,NaN,"",NaN,,F202.dat,0
203,9000,3,"@(x,y) (7*1e2)",18*pi^2*cos(3*pi*y).*sin(3*pi*x),"@(x,y) sin(3*pi*x).*cos(3*pi*y)",NaN,NaN,NaN,NaN,"",NaN,,F203.dat,0
204,9000,3,"@(x,y) (0.01 * (x<0.5) + 150 * (x>=0.5))",18*pi^2*cos(3*pi*y).*sin(3*pi*x),"@(x,y) sin(3*pi*x).*cos(3*pi*y)",NaN,NaN,NaN,NaN,"",NaN,,F204.dat,0
205,9000,3,"@(x,y) (8e-4 * (y<0.5) + 5e-7* (y>=0.5))",18*pi^2*cos(3*pi*y).*sin(3*pi*x),"@(x,y) sin(3*pi*x).*cos(3*pi*y)",NaN,NaN,NaN,NaN,"",NaN,,F205.dat,0
206,9000,3,"@(x,y) (1.5 + 3.5 *(x>0.2))",18*pi^2*cos(3*pi*y).*sin(3*pi*x),"@(x,y) sin(3*pi*x).*cos(3*pi*y)",NaN,NaN,NaN,NaN,"",NaN,,F206.dat,0
207,9000,3,"@(x,y) (50*(y<=0.34) + 398*(y>0.34))",18*pi^2*cos(3*pi*y).*sin(3*pi*x),"@(x,y) sin(3*pi*x).*cos(3*pi*y)",NaN,NaN,NaN,NaN,"",NaN,,F207.dat,0
208,9000,3,"@(x,y) (0.1 * (x < 0.25)  + 1.3 * (x >= 0.25) .* (x <0.75)  +  10 * (x>= 0.75 ))",18*pi^2*cos(3*pi*y).*sin(3*pi*x),"@(x,y) sin(3*pi*x).*cos(3*pi*y)",NaN,NaN,NaN,NaN,"",NaN,,F208.dat,0
209,9000,3,"@(x,y) (1e9)",18*pi^2*cos(3*pi*y).*sin(3*pi*x),"@(x,y) sin(3*pi*x).*cos(3*pi*y)",NaN,NaN,NaN,NaN,"",NaN,,F209.dat,0
210,9000,4,"@(x,y) (5)",18*pi^2*cos(3*pi*y).*sin(3*pi*x),"@(x,y) sin(3*pi*x).*cos(3*pi*y)",NaN,NaN,NaN,NaN,"",NaN,,F210.dat,0
211,9000,4,"@(x,y) (0.03)",18*pi^2*cos(3*pi*y).*sin(3*pi*x),"@(x,y) sin(3*pi*x).*cos(3*pi*y)",NaN,NaN,NaN,NaN,"",NaN,,F211.dat,0
212,9000,4,"@(x,y) (25)",18*pi^2*cos(3*pi*y).*sin(3*pi*x),"@(x,y) sin(3*pi*x).*cos(3*pi*y)",NaN,NaN,NaN,NaN,"",NaN,,F212.dat,0
213,9000,4,"@(x,y) (1e-5)",18*pi^2*cos(3*pi*y).*sin(3*pi*x),"@(x,y) sin(3*pi*x).*cos(3*pi*y)",NaN,NaN,NaN,NaN,"",NaN,,F213.dat,0
214,9000,4,"@(x,y) (7*1e2)",18*pi^2*cos(3*pi*y).*sin(3*pi*x),"@(x,y) sin(3*pi*x).*cos(3*pi*y)",NaN,NaN,NaN,NaN,"",NaN,,F214.dat,0
215,9000,4,"@(x,y) (0.01 * (x<0.5) + 150 * (x>=0.5))",18*pi^2*cos(3*pi*y).*sin(3*pi*x),"@(x,y) sin(3*pi*x).*cos(3*pi*y)",NaN,NaN,NaN,NaN,"",NaN,,F215.dat,0
216,9000,4,"@(x,y) (8e-4 * (y<0.5) + 5e-7* (y>=0.5))",18*pi^2*cos(3*pi*y).*sin(3*pi*x),"@(x,y) sin(3*pi*x).*cos(3*pi*y)",NaN,NaN,NaN,NaN,"",NaN,,F216.dat,0
217,9000,4,"@(x,y) (1.5 + 3.5 *(x>0.2))",18*pi^2*cos(3*pi*y).*sin(3*pi*x),"@(x,y) sin(3*pi*x).*cos(3*pi*y)",NaN,NaN,NaN,NaN,"",NaN,,F217.dat,0
218,9000,4,"@(x,y) (50*(y<=0.34) + 398*(y>0.34))",18*pi^2*cos(3*pi*y).*sin(3*pi*x),"@(x,y) sin(3*pi*x).*cos(3*pi*y)",NaN,NaN,NaN,NaN,"",NaN,,F218.dat,0
219,9000,4,"@(x,y) (0.1 * (x < 0.25)  + 1.3 * (x >= 0.25) .* (x <0.75)  +  10 * (x>= 0.75 ))",18*pi^2*cos(3*pi*y).*sin(3*pi*x),"@(x,y) sin(3*pi*x).*cos(3*pi*y)",NaN,NaN,NaN,NaN,"",NaN,,F219.dat,0
220,9000,4,"@(x,y) (1e9)",18*pi^2*cos(3*pi*y).*sin(3*pi*x),"@(x,y) sin(3*pi*x).*cos(3*pi*y)",NaN,NaN,NaN,NaN,"",NaN,,F220.dat,0
221,11000,1,"@(x,y) (5)",18*pi^2*cos(3*pi*y).*sin(3*pi*x),"@(x,y) sin(3*pi*x).*cos(3*pi*y)",NaN,NaN,NaN,NaN,"",NaN,,F221.dat,0
222,11000,1,"@(x,y) (0.03)",18*pi^2*cos(3*pi*y).*sin(3*pi*x),"@(x,y) sin(3*pi*x).*cos(3*pi*y)",NaN,NaN,NaN,NaN,"",NaN,,F222.dat,0
223,11000,1,"@(x,y) (25)",18*pi^2*cos(3*pi*y).*sin(3*pi*x),"@(x,y) sin(3*pi*x).*cos(3*pi*y)",NaN,NaN,NaN,NaN,"",NaN,,F223.dat,0
224,11000,1,"@(x,y) (1e-5)",18*pi^2*cos(3*pi*y).*sin(3*pi*x),"@(x,y) sin(3*pi*x).*cos(3*pi*y)",NaN,NaN,NaN,NaN,"",NaN,,F224.dat,0
225,11000,1,"@(x,y) (7*1e2)",18*pi^2*cos(3*pi*y).*sin(3*pi*x),"@(x,y) sin(3*pi*x).*cos(3*pi*y)",NaN,NaN,NaN,NaN,"",NaN,,F225.dat,0
226,11000,1,"@(x,y) (0.01 * (x<0.5) + 150 * (x>=0.5))",18*pi^2*cos(3*pi*y).*sin(3*pi*x),"@(x,y) sin(3*pi*x).*cos(3*pi*y)",NaN,NaN,NaN,NaN,"",NaN,,F226.dat,0
227,11000,1,"@(x,y) (8e-4 * (y<0.5) + 5e-7* (y>=0.5))",18*pi^2*cos(3*pi*y).*sin(3*pi*x),"@(x,y) sin(3*pi*x).*cos(3*pi*y)",NaN,NaN,NaN,NaN,"",NaN,,F227.dat,0
228,11000,1,"@(x,y) (1.5 + 3.5 *(x>0.2))",18*pi^2*cos(3*pi*y).*sin(3*pi*x),"@(x,y) sin(3*pi*x).*cos(3*pi*y)",NaN,NaN,NaN,NaN,"",NaN,,F228.dat,0
229,11000,1,"@(x,y) (50*(y<=0.34) + 398*(y>0.34))",18*pi^2*cos(3*pi*y).*sin(3*pi*x),"@(x,y) sin(3*pi*x).*cos(3*pi*y)",NaN,NaN,NaN,NaN,"",NaN,,F229.dat,0
230,11000,1,"@(x,y) (0.1 * (x < 0.25)  + 1.3 * (x >= 0.25) .* (x <0.75)  +  10 * (x>= 0.75 ))",18*pi^2*cos(3*pi*y).*sin(3*pi*x),"@(x,y) sin(3*pi*x).*cos(3*pi*y)",NaN,NaN,NaN,NaN,"",NaN,,F230.dat,0
231,11000,1,"@(x,y) (1e9)",18*pi^2*cos(3*pi*y).*sin(3*pi*x),"@(x,y) sin(3*pi*x).*cos(3*pi*y)",NaN,NaN,NaN,NaN,"",NaN,,F231.dat,0
232,11000,2,"@(x,y) (5)",18*pi^2*cos(3*pi*y).*sin(3*pi*x),"@(x,y) sin(3*pi*x).*cos(3*pi*y)",NaN,NaN,NaN,NaN,"",NaN,,F232.dat,0
233,11000,2,"@(x,y) (0.03)",18*pi^2*cos(3*pi*y).*sin(3*pi*x),"@(x,y) sin(3*pi*x).*cos(3*pi*y)",NaN,NaN,NaN,NaN,"",NaN,,F233.dat,0
234,11000,2,"@(x,y) (25)",18*pi^2*cos(3*pi*y).*sin(3*pi*x),"@(x,y) sin(3*pi*x).*cos(3*pi*y)",NaN,NaN,NaN,NaN,"",NaN,,F234.dat,0
235,11000,2,"@(x,y) (1e-5)",18*pi^2*cos(3*pi*y).*sin(3*pi*x),"@(x,y) sin(3*pi*x).*cos(3*pi*y)",NaN,NaN,NaN,NaN,"",NaN,,F235.dat,0
236,11000,2,"@(x,y) (7*1e2)",18*pi^2*cos(3*pi*y).*sin(3*pi*x),"@(x,y) sin(3*pi*x).*cos(3*pi*y)",NaN,NaN,NaN,NaN,"",NaN,,F236.dat,0
237,11000,2,"@(x,y) (0.01 * (x<0.5) + 150 * (x>=0.5))",18*pi^2*cos(3*pi*y).*sin(3*pi*x),"@(x,y) sin(3*pi*x).*cos(3*pi*y)",NaN,NaN,NaN,NaN,"",NaN,,F237.dat,0
238,11000,2,"@(x,y) (8e-4 * (y<0.5) + 5e-7* (y>=0.5))",18*pi^2*cos(3*pi*y).*sin(3*pi*x),"@(x,y) sin(3*pi*x).*cos(3*pi*y)",NaN,NaN,NaN,NaN,"",NaN,,F238.dat,0
239,11000,2,"@(x,y) (1.5 + 3.5 *(x>0.2))",18*pi^2*cos(3*pi*y).*sin(3*pi*x),"@(x,y) sin(3*pi*x).*cos(3*pi*y)",NaN,NaN,NaN,NaN,"",NaN,,F239.dat,0
240,11000,2,"@(x,y) (50*(y<=0.34) + 398*(y>0.34))",18*pi^2*cos(3*pi*y).*sin(3*pi*x),"@(x,y) sin(3*pi*x).*cos(3*pi*y)",NaN,NaN,NaN,NaN,"",NaN,,F240.dat,0
241,11000,2,"@(x,y) (0.1 * (x < 0.25)  + 1.3 * (x >= 0.25) .* (x <0.75)  +  10 * (x>= 0.75 ))",18*pi^2*cos(3*pi*y).*sin(3*pi*x),"@(x,y) sin(3*pi*x).*cos(3*pi*y)",NaN,NaN,NaN,NaN,"",NaN,,F241.dat,0
242,11000,2,"@(x,y) (1e9)",18*pi^2*cos(3*pi*y).*sin(3*pi*x),"@(x,y) sin(3*pi*x).*cos(3*pi*y)",NaN,NaN,NaN,NaN,"",NaN,,F242.dat,0
243,11000,3,"@(x,y) (5)",18*pi^2*cos(3*pi*y).*sin(3*pi*x),"@(x,y) sin(3*pi*x).*cos(3*pi*y)",NaN,NaN,NaN,NaN,"",NaN,,F243.dat,0
244,11000,3,"@(x,y) (0.03)",18*pi^2*cos(3*pi*y).*sin(3*pi*x),"@(x,y) sin(3*pi*x).*cos(3*pi*y)",NaN,NaN,NaN,NaN,"",NaN,,F244.dat,0
245,11000,3,"@(x,y) (25)",18*pi^2*cos(3*pi*y).*sin(3*pi*x),"@(x,y) sin(3*pi*x).*cos(3*pi*y)",NaN,NaN,NaN,NaN,"",NaN,,F245.dat,0
246,11000,3,"@(x,y) (1e-5)",18*pi^2*cos(3*pi*y).*sin(3*pi*x),"@(x,y) sin(3*pi*x).*cos(3*pi*y)",NaN,NaN,NaN,NaN,"",NaN,,F246.dat,0
247,11000,3,"@(x,y) (7*1e2)",18*pi^2*cos(3*pi*y).*sin(3*pi*x),"@(x,y) sin(3*pi*x).*cos(3*pi*y)",NaN,NaN,NaN,NaN,"",NaN,,F247.dat,0
248,11000,3,"@(x,y) (0.01 * (x<0.5) + 150 * (x>=0.5))",18*pi^2*cos(3*pi*y).*sin(3*pi*x),"@(x,y) sin(3*pi*x).*cos(3*pi*y)",NaN,NaN,NaN,NaN,"",NaN,,F248.dat,0
249,11000,3,"@(x,y) (8e-4 * (y<0.5) + 5e-7* (y>=0.5))",18*pi^2*cos(3*pi*y).*sin(3*pi*x),"@(x,y) sin(3*pi*x).*cos(3*pi*y)",NaN,NaN,NaN,NaN,"",NaN,,F249.dat,0
250,11000,3,"@(x,y) (1.5 + 3.5 *(x>0.2))",18*pi^2*cos(3*pi*y).*sin(3*pi*x),"@(x,y) sin(3*pi*x).*cos(3*pi*y)",NaN,NaN,NaN,NaN,"",NaN,,F250.dat,0
251,11000,3,"@(x,y) (50*(y<=0.34) + 398*(y>0.34))",18*pi^2*cos(3*pi*y).*sin(3*pi*x),"@(x,y) sin(3*pi*x).*cos(3*pi*y)",NaN,NaN,NaN,NaN,"",NaN,,F251.dat,0
252,11000,3,"@(x,y) (0.1 * (x < 0.25)  + 1.3 * (x >= 0.25) .* (x <0.75)  +  10 * (x>= 0.75 ))",18*pi^2*cos(3*pi*y).*sin(3*pi*x),"@(x,y) sin(3*pi*x).*cos(3*pi*y)",NaN,NaN,NaN,NaN,"",NaN,,F252.dat,0
253,11000,3,"@(x,y) (1e9)",18*pi^2*cos(3*pi*y).*sin(3*pi*x),"@(x,y) sin(3*pi*x).*cos(3*pi*y)",NaN,NaN,NaN,NaN,"",NaN,,F253.dat,0
254,11000,4,"@(x,y) (5)",18*pi^2*cos(3*pi*y).*sin(3*pi*x),"@(x,y) sin(3*pi*x).*cos(3*pi*y)",NaN,NaN,NaN,NaN,"",NaN,,F254.dat,0
255,11000,4,"@(x,y) (0.03)",18*pi^2*cos(3*pi*y).*sin(3*pi*x),"@(x,y) sin(3*pi*x).*cos(3*pi*y)",NaN,NaN,NaN,NaN,"",NaN,,F255.dat,0
256,11000,4,"@(x,y) (25)",18*pi^2*cos(3*pi*y).*sin(3*pi*x),"@(x,y) sin(3*pi*x).*cos(3*pi*y)",NaN,NaN,NaN,NaN,"",NaN,,F256.dat,0
257,11000,4,"@(x,y) (1e-5)",18*pi^2*cos(3*pi*y).*sin(3*pi*x),"@(x,y) sin(3*pi*x).*cos(3*pi*y)",NaN,NaN,NaN,NaN,"",NaN,,F257.dat,0
258,11000,4,"@(x,y) (7*1e2)",18*pi^2*cos(3*pi*y).*sin(3*pi*x),"@(x,y) sin(3*pi*x).*cos(3*pi*y)",NaN,NaN,NaN,NaN,"",NaN,,F258.dat,0
259,11000,4,"@(x,y) (0.01 * (x<0.5) + 150 * (x>=0.5))",18*pi^2*cos(3*pi*y).*sin(3*pi*x),"@(x,y) sin(3*pi*x).*cos(3*pi*y)",NaN,NaN,NaN,NaN,"",NaN,,F259.dat,0
260,11000,4,"@(x,y) (8e-4 * (y<0.5) + 5e-7* (y>=0.5))",18*pi^2*cos(3*pi*y).*sin(3*pi*x),"@(x,y) sin(3*pi*x).*cos(3*pi*y)",NaN,NaN,NaN,NaN,"",NaN,,F260.dat,0
261,11000,4,"@(x,y) (1.5 + 3.5 *(x>0.2))",18*pi^2*cos(3*pi*y).*sin(3*pi*x),"@(x,y) sin(3*pi*x).*cos(3*pi*y)",NaN,NaN,NaN,NaN,"",NaN,,F261.dat,0
262,11000,4,"@(x,y) (50*(y<=0.34) + 398*(y>0.34))",18*pi^2*cos(3*pi*y).*sin(3*pi*x),"@(x,y) sin(3*pi*x).*cos(3*pi*y)",NaN,NaN,NaN,NaN,"",NaN,,F262.dat,0
263,11000,4,"@(x,y) (0.1 * (x < 0.25)  + 1.3 * (x >= 0.25) .* (x <0.75)  +  10 * (x>= 0.75 ))",18*pi^2*cos(3*pi*y).*sin(3*pi*x),"@(x,y) sin(3*pi*x).*cos(3*pi*y)",NaN,NaN,NaN,NaN,"",NaN,,F263.dat,0
264,11000,4,"@(x,y) (1e9)",18*pi^2*cos(3*pi*y).*sin(3*pi*x),"@(x,y) sin(3*pi*x).*cos(3*pi*y)",NaN,NaN,NaN,NaN,"",NaN,,F264.dat,0
265,13000,1,"@(x,y) (5)",18*pi^2*cos(3*pi*y).*sin(3*pi*x),"@(x,y) sin(3*pi*x).*cos(3*pi*y)",NaN,NaN,NaN,NaN,"",NaN,,F265.dat,0
266,13000,1,"@(x,y) (0.03)",18*pi^2*cos(3*pi*y).*sin(3*pi*x),"@(x,y) sin(3*pi*x).*cos(3*pi*y)",NaN,NaN,NaN,NaN,"",NaN,,F266.dat,0
267,13000,1,"@(x,y) (25)",18*pi^2*cos(3*pi*y).*sin(3*pi*x),"@(x,y) sin(3*pi*x).*cos(3*pi*y)",NaN,NaN,NaN,NaN,"",NaN,,F267.dat,0
268,13000,1,"@(x,y) (1e-5)",18*pi^2*cos(3*pi*y).*sin(3*pi*x),"@(x,y) sin(3*pi*x).*cos(3*pi*y)",NaN,NaN,NaN,NaN,"",NaN,,F268.dat,0
269,13000,1,"@(x,y) (7*1e2)",18*pi^2*cos(3*pi*y).*sin(3*pi*x),"@(x,y) sin(3*pi*x).*cos(3*pi*y)",NaN,NaN,NaN,NaN,"",NaN,,F269.dat,0
270,13000,1,"@(x,y) (0.01 * (x<0.5) + 150 * (x>=0.5))",18*pi^2*cos(3*pi*y).*sin(3*pi*x),"@(x,y) sin(3*pi*x).*cos(3*pi*y)",NaN,NaN,NaN,NaN,"",NaN,,F270.dat,0
271,13000,1,"@(x,y) (8e-4 * (y<0.5) + 5e-7* (y>=0.5))",18*pi^2*cos(3*pi*y).*sin(3*pi*x),"@(x,y) sin(3*pi*x).*cos(3*pi*y)",NaN,NaN,NaN,NaN,"",NaN,,F271.dat,0
272,13000,1,"@(x,y) (1.5 + 3.5 *(x>0.2))",18*pi^2*cos(3*pi*y).*sin(3*pi*x),"@(x,y) sin(3*pi*x).*cos(3*pi*y)",NaN,NaN,NaN,NaN,"",NaN,,F272.dat,0
273,13000,1,"@(x,y) (50*(y<=0.34) + 398*(y>0.34))",18*pi^2*cos(3*pi*y).*sin(3*pi*x),"@(x,y) sin(3*pi*x).*cos(3*pi*y)",NaN,NaN,NaN,NaN,"",NaN,,F273.dat,0
274,13000,1,"@(x,y) (0.1 * (x < 0.25)  + 1.3 * (x >= 0.25) .* (x <0.75)  +  10 * (x>= 0.75 ))",18*pi^2*cos(3*pi*y).*sin(3*pi*x),"@(x,y) sin(3*pi*x).*cos(3*pi*y)",NaN,NaN,NaN,NaN,"",NaN,,F274.dat,0
275,13000,1,"@(x,y) (1e9)",18*pi^2*cos(3*pi*y).*sin(3*pi*x),"@(x,y) sin(3*pi*x).*cos(3*pi*y)",NaN,NaN,NaN,NaN,"",NaN,,F275.dat,0
276,13000,2,"@(x,y) (5)",18*pi^2*cos(3*pi*y).*sin(3*pi*x),"@(x,y) sin(3*pi*x).*cos(3*pi*y)",NaN,NaN,NaN,NaN,"",NaN,,F276.dat,0
277,13000,2,"@(x,y) (0.03)",18*pi^2*cos(3*pi*y).*sin(3*pi*x),"@(x,y) sin(3*pi*x).*cos(3*pi*y)",NaN,NaN,NaN,NaN,"",NaN,,F277.dat,0
278,13000,2,"@(x,y) (25)",18*pi^2*cos(3*pi*y).*sin(3*pi*x),"@(x,y) sin(3*pi*x).*cos(3*pi*y)",NaN,NaN,NaN,NaN,"",NaN,,F278.dat,0
279,13000,2,"@(x,y) (1e-5)",18*pi^2*cos(3*pi*y).*sin(3*pi*x),"@(x,y) sin(3*pi*x).*cos(3*pi*y)",NaN,NaN,NaN,NaN,"",NaN,,F279.dat,0
280,13000,2,"@(x,y) (7*1e2)",18*pi^2*cos(3*pi*y).*sin(3*pi*x),"@(x,y) sin(3*pi*x).*cos(3*pi*y)",NaN,NaN,NaN,NaN,"",NaN,,F280.dat,0
281,13000,2,"@(x,y) (0.01 * (x<0.5) + 150 * (x>=0.5))",18*pi^2*cos(3*pi*y).*sin(3*pi*x),"@(x,y) sin(3*pi*x).*cos(3*pi*y)",NaN,NaN,NaN,NaN,"",NaN,,F281.dat,0
282,13000,2,"@(x,y) (8e-4 * (y<0.5) + 5e-7* (y>=0.5))",18*pi^2*cos(3*pi*y).*sin(3*pi*x),"@(x,y) sin(3*pi*x).*cos(3*pi*y)",NaN,NaN,NaN,NaN,"",NaN,,F282.dat,0
283,13000,2,"@(x,y) (1.5 + 3.5 *(x>0.2))",18*pi^2*cos(3*pi*y).*sin(3*pi*x),"@(x,y) sin(3*pi*x).*cos(3*pi*y)",NaN,NaN,NaN,NaN,"",NaN,,F283.dat,0
284,13000,2,"@(x,y) (50*(y<=0.34) + 398*(y>0.34))",18*pi^2*cos(3*pi*y).*sin(3*pi*x),"@(x,y) sin(3*pi*x).*cos(3*pi*y)",NaN,NaN,NaN,NaN,"",NaN,,F284.dat,0
285,13000,2,"@(x,y) (0.1 * (x < 0.25)  + 1.3 * (x >= 0.25) .* (x <0.75)  +  10 * (x>= 0.75 ))",18*pi^2*cos(3*pi*y).*sin(3*pi*x),"@(x,y) sin(3*pi*x).*cos(3*pi*y)",NaN,NaN,NaN,NaN,"",NaN,,F285.dat,0
286,13000,2,"@(x,y) (1e9)",18*pi^2*cos(3*pi*y).*sin(3*pi*x),"@(x,y) sin(3*pi*x).*cos(3*pi*y)",NaN,NaN,NaN,NaN,"",NaN,,F286.dat,0
287,13000,3,"@(x,y) (5)",18*pi^2*cos(3*pi*y).*sin(3*pi*x),"@(x,y) sin(3*pi*x).*cos(3*pi*y)",NaN,NaN,NaN,NaN,"",NaN,,F287.dat,0
288,13000,3,"@(x,y) (0.03)",18*pi^2*cos(3*pi*y).*sin(3*pi*x),"@(x,y) sin(3*pi*x).*cos(3*pi*y)",NaN,NaN,NaN,NaN,"",NaN,,F288.dat,0
289,13000,3,"@(x,y) (25)",18*pi^2*cos(3*pi*y).*sin(3*pi*x),"@(x,y) sin(3*pi*x).*cos(3*pi*y)",NaN,NaN,NaN,NaN,"",NaN,,F289.dat,0
290,13000,3,"@(x,y) (1e-5)",18*pi^2*cos(3*pi*y).*sin(3*pi*x),"@(x,y) sin(3*pi*x).*cos(3*pi*y)",NaN,NaN,NaN,NaN,"",NaN,,F290.dat,0
291,13000,3,"@(x,y) (7*1e2)",18*pi^2*cos(3*pi*y).*sin(3*pi*x),"@(x,y) sin(3*pi*x).*cos(3*pi*y)",NaN,NaN,NaN,NaN,"",NaN,,F291.dat,0
292,13000,3,"@(x,y) (0.01 * (x<0.5) + 150 * (x>=0.5))",18*pi^2*cos(3*pi*y).*sin(3*pi*x),"@(x,y) sin(3*pi*x).*cos(3*pi*y)",NaN,NaN,NaN,NaN,"",NaN,,F292.dat,0
293,13000,3,"@(x,y) (8e-4 * (y<0.5) + 5e-7* (y>=0.5))",18*pi^2*cos(3*pi*y).*sin(3*pi*x),"@(x,y) sin(3*pi*x).*cos(3*pi*y)",NaN,NaN,NaN,NaN,"",NaN,,F293.dat,0
294,13000,3,"@(x,y) (1.5 + 3.5 *(x>0.2))",18*pi^2*cos(3*pi*y).*sin(3*pi*x),"@(x,y) sin(3*pi*x).*cos(3*pi*y)",NaN,NaN,NaN,NaN,"",NaN,,F294.dat,0
295,13000,3,"@(x,y) (50*(y<=0.34) + 398*(y>0.34))",18*pi^2*cos(3*pi*y).*sin(3*pi*x),"@(x,y) sin(3*pi*x).*cos(3*pi*y)",NaN,NaN,NaN,NaN,"",NaN,,F295.dat,0
296,13000,3,"@(x,y) (0.1 * (x < 0.25)  + 1.3 * (x >= 0.25) .* (x <0.75)  +  10 * (x>= 0.75 ))",18*pi^2*cos(3*pi*y).*sin(3*pi*x),"@(x,y) sin(3*pi*x).*cos(3*pi*y)",NaN,NaN,NaN,NaN,"",NaN,,F296.dat,0
297,13000,3,"@(x,y) (1e9)",18*pi^2*cos(3*pi*y).*sin(3*pi*x),"@(x,y) sin(3*pi*x).*cos(3*pi*y)",NaN,NaN,NaN,NaN,"",NaN,,F297.dat,0
298,13000,4,"@(x,y) (5)",18*pi^2*cos(3*pi*y).*sin(3*pi*x),"@(x,y) sin(3*pi*x).*cos(3*pi*y)",NaN,NaN,NaN,NaN,"",NaN,,F298.dat,0
299,13000,4,"@(x,y) (0.03)",18*pi^2*cos(3*pi*y).*sin(3*pi*x),"@(x,y) sin(3*pi*x).*cos(3*pi*y)",NaN,NaN,NaN,NaN,"",NaN,,F299.dat,0
300,13000,4,"@(x,y) (25)",18*pi^2*cos(3*pi*y).*sin(3*pi*x),"@(x,y) sin(3*pi*x).*cos(3*pi*y)",NaN,NaN,NaN,NaN,"",NaN,,F300.dat,0
301,13000,4,"@(x,y) (1e-5)",18*pi^2*cos(3*pi*y).*sin(3*pi*x),"@(x,y) sin(3*pi*x).*cos(3*pi*y)",NaN,NaN,NaN,NaN,"",NaN,,F301.dat,0
302,13000,4,"@(x,y) (7*1e2)",18*pi^2*cos(3*pi*y).*sin(3*pi*x),"@(x,y) sin(3*pi*x).*cos(3*pi*y)",NaN,NaN,NaN,NaN,"",NaN,,F302.dat,0
303,13000,4,"@(x,y) (0.01 * (x<0.5) + 150 * (x>=0.5))",18*pi^2*cos(3*pi*y).*sin(3*pi*x),"@(x,y) sin(3*pi*x).*cos(3*pi*y)",NaN,NaN,NaN,NaN,"",NaN,,F303.dat,0
304,13000,4,"@(x,y) (8e-4 * (y<0.5) + 5e-7* (y>=0.5))",18*pi^2*cos(3*pi*y).*sin(3*pi*x),"@(x,y) sin(3*pi*x).*cos(3*pi*y)",NaN,NaN,NaN,NaN,"",NaN,,F304.dat,0
305,13000,4,"@(x,y) (1.5 + 3.5 *(x>0.2))",18*pi^2*cos(3*pi*y).*sin(3*pi*x),"@(x,y) sin(3*pi*x).*cos(3*pi*y)",NaN,NaN,NaN,NaN,"",NaN,,F305.dat,0
306,13000,4,"@(x,y) (50*(y<=0.34) + 398*(y>0.34))",18*pi^2*cos(3*pi*y).*sin(3*pi*x),"@(x,y) sin(3*pi*x).*cos(3*pi*y)",NaN,NaN,NaN,NaN,"",NaN,,F306.dat,0
307,13000,4,"@(x,y) (0.1 * (x < 0.25)  + 1.3 * (x >= 0.25) .* (x <0.75)  +  10 * (x>= 0.75 ))",18*pi^2*cos(3*pi*y).*sin(3*pi*x),"@(x,y) sin(3*pi*x).*cos(3*pi*y)",NaN,NaN,NaN,NaN,"",NaN,,F307.dat,0
308,13000,4,"@(x,y) (1e9)",18*pi^2*cos(3*pi*y).*sin(3*pi*x),"@(x,y) sin(3*pi*x).*cos(3*pi*y)",NaN,NaN,NaN,NaN,"",NaN,,F308.dat,0
309,15000,1,"@(x,y) (5)",18*pi^2*cos(3*pi*y).*sin(3*pi*x),"@(x,y) sin(3*pi*x).*cos(3*pi*y)",NaN,NaN,NaN,NaN,"",NaN,,F309.dat,0
310,15000,1,"@(x,y) (0.03)",18*pi^2*cos(3*pi*y).*sin(3*pi*x),"@(x,y) sin(3*pi*x).*cos(3*pi*y)",NaN,NaN,NaN,NaN,"",NaN,,F310.dat,0
311,15000,1,"@(x,y) (25)",18*pi^2*cos(3*pi*y).*sin(3*pi*x),"@(x,y) sin(3*pi*x).*cos(3*pi*y)",NaN,NaN,NaN,NaN,"",NaN,,F311.dat,0
312,15000,1,"@(x,y) (1e-5)",18*pi^2*cos(3*pi*y).*sin(3*pi*x),"@(x,y) sin(3*pi*x).*cos(3*pi*y)",NaN,NaN,NaN,NaN,"",NaN,,F312.dat,0
313,15000,1,"@(x,y) (7*1e2)",18*pi^2*cos(3*pi*y).*sin(3*pi*x),"@(x,y) sin(3*pi*x).*cos(3*pi*y)",NaN,NaN,NaN,NaN,"",NaN,,F313.dat,0
314,15000,1,"@(x,y) (0.01 * (x<0.5) + 150 * (x>=0.5))",18*pi^2*cos(3*pi*y).*sin(3*pi*x),"@(x,y) sin(3*pi*x).*cos(3*pi*y)",NaN,NaN,NaN,NaN,"",NaN,,F314.dat,0
315,15000,1,"@(x,y) (8e-4 * (y<0.5) + 5e-7* (y>=0.5))",18*pi^2*cos(3*pi*y).*sin(3*pi*x),"@(x,y) sin(3*pi*x).*cos(3*pi*y)",NaN,NaN,NaN,NaN,"",NaN,,F315.dat,0
316,15000,1,"@(x,y) (1.5 + 3.5 *(x>0.2))",18*pi^2*cos(3*pi*y).*sin(3*pi*x),"@(x,y) sin(3*pi*x).*cos(3*pi*y)",NaN,NaN,NaN,NaN,"",NaN,,F316.dat,0
317,15000,1,"@(x,y) (50*(y<=0.34) + 398*(y>0.34))",18*pi^2*cos(3*pi*y).*sin(3*pi*x),"@(x,y) sin(3*pi*x).*cos(3*pi*y)",NaN,NaN,NaN,NaN,"",NaN,,F317.dat,0
318,15000,1,"@(x,y) (0.1 * (x < 0.25)  + 1.3 * (x >= 0.25) .* (x <0.75)  +  10 * (x>= 0.75 ))",18*pi^2*cos(3*pi*y).*sin(3*pi*x),"@(x,y) sin(3*pi*x).*cos(3*pi*y)",NaN,NaN,NaN,NaN,"",NaN,,F318.dat,0
319,15000,1,"@(x,y) (1e9)",18*pi^2*cos(3*pi*y).*sin(3*pi*x),"@(x,y) sin(3*pi*x).*cos(3*pi*y)",NaN,NaN,NaN,NaN,"",NaN,,F319.dat,0
320,15000,2,"@(x,y) (5)",18*pi^2*cos(3*pi*y).*sin(3*pi*x),"@(x,y) sin(3*pi*x).*cos(3*pi*y)",NaN,NaN,NaN,NaN,"",NaN,,F320.dat,0
321,15000,2,"@(x,y) (0.03)",18*pi^2*cos(3*pi*y).*sin(3*pi*x),"@(x,y) sin(3*pi*x).*cos(3*pi*y)",NaN,NaN,NaN,NaN,"",NaN,,F321.dat,0
322,15000,2,"@(x,y) (25)",18*pi^2*cos(3*pi*y).*sin(3*pi*x),"@(x,y) sin(3*pi*x).*cos(3*pi*y)",NaN,NaN,NaN,NaN,"",NaN,,F322.dat,0
323,15000,2,"@(x,y) (1e-5)",18*pi^2*cos(3*pi*y).*sin(3*pi*x),"@(x,y) sin(3*pi*x).*cos(3*pi*y)",NaN,NaN,NaN,NaN,"",NaN,,F323.dat,0
324,15000,2,"@(x,y) (7*1e2)",18*pi^2*cos(3*pi*y).*sin(3*pi*x),"@(x,y) sin(3*pi*x).*cos(3*pi*y)",NaN,NaN,NaN,NaN,"",NaN,,F324.dat,0
325,15000,2,"@(x,y) (0.01 * (x<0.5) + 150 * (x>=0.5))",18*pi^2*cos(3*pi*y).*sin(3*pi*x),"@(x,y) sin(3*pi*x).*cos(3*pi*y)",NaN,NaN,NaN,NaN,"",NaN,,F325.dat,0
326,15000,2,"@(x,y) (8e-4 * (y<0.5) + 5e-7* (y>=0.5))",18*pi^2*cos(3*pi*y).*sin(3*pi*x),"@(x,y) sin(3*pi*x).*cos(3*pi*y)",NaN,NaN,NaN,NaN,"",NaN,,F326.dat,0
327,15000,2,"@(x,y) (1.5 + 3.5 *(x>0.2))",18*pi^2*cos(3*pi*y).*sin(3*pi*x),"@(x,y) sin(3*pi*x).*cos(3*pi*y)",NaN,NaN,NaN,NaN,"",NaN,,F327.dat,0
328,15000,2,"@(x,y) (50*(y<=0.34) + 398*(y>0.34))",18*pi^2*cos(3*pi*y).*sin(3*pi*x),"@(x,y) sin(3*pi*x).*cos(3*pi*y)",NaN,NaN,NaN,NaN,"",NaN,,F328.dat,0
329,15000,2,"@(x,y) (0.1 * (x < 0.25)  + 1.3 * (x >= 0.25) .* (x <0.75)  +  10 * (x>= 0.75 ))",18*pi^2*cos(3*pi*y).*sin(3*pi*x),"@(x,y) sin(3*pi*x).*cos(3*pi*y)",NaN,NaN,NaN,NaN,"",NaN,,F329.dat,0
330,15000,2,"@(x,y) (1e9)",18*pi^2*cos(3*pi*y).*sin(3*pi*x),"@(x,y) sin(3*pi*x).*cos(3*pi*y)",NaN,NaN,NaN,NaN,"",NaN,,F330.dat,0
331,15000,3,"@(x,y) (5)",18*pi^2*cos(3*pi*y).*sin(3*pi*x),"@(x,y) sin(3*pi*x).*cos(3*pi*y)",NaN,NaN,NaN,NaN,"",NaN,,F331.dat,0
332,15000,3,"@(x,y) (0.03)",18*pi^2*cos(3*pi*y).*sin(3*pi*x),"@(x,y) sin(3*pi*x).*cos(3*pi*y)",NaN,NaN,NaN,NaN,"",NaN,,F332.dat,0
333,15000,3,"@(x,y) (25)",18*pi^2*cos(3*pi*y).*sin(3*pi*x),"@(x,y) sin(3*pi*x).*cos(3*pi*y)",NaN,NaN,NaN,NaN,"",NaN,,F333.dat,0
334,15000,3,"@(x,y) (1e-5)",18*pi^2*cos(3*pi*y).*sin(3*pi*x),"@(x,y) sin(3*pi*x).*cos(3*pi*y)",NaN,NaN,NaN,NaN,"",NaN,,F334.dat,0
335,15000,3,"@(x,y) (7*1e2)",18*pi^2*cos(3*pi*y).*sin(3*pi*x),"@(x,y) sin(3*pi*x).*cos(3*pi*y)",NaN,NaN,NaN,NaN,"",NaN,,F335.dat,0
336,15000,3,"@(x,y) (0.01 * (x<0.5) + 150 * (x>=0.5))",18*pi^2*cos(3*pi*y).*sin(3*pi*x),"@(x,y) sin(3*pi*x).*cos(3*pi*y)",NaN,NaN,NaN,NaN,"",NaN,,F336.dat,0
337,15000,3,"@(x,y) (8e-4 * (y<0.5) + 5e-7* (y>=0.5))",18*pi^2*cos(3*pi*y).*sin(3*pi*x),"@(x,y) sin(3*pi*x).*cos(3*pi*y)",NaN,NaN,NaN,NaN,"",NaN,,F337.dat,0
338,15000,3,"@(x,y) (1.5 + 3.5 *(x>0.2))",18*pi^2*cos(3*pi*y).*sin(3*pi*x),"@(x,y) sin(3*pi*x).*cos(3*pi*y)",NaN,NaN,NaN,NaN,"",NaN,,F338.dat,0
339,15000,3,"@(x,y) (50*(y<=0.34) + 398*(y>0.34))",18*pi^2*cos(3*pi*y).*sin(3*pi*x),"@(x,y) sin(3*pi*x).*cos(3*pi*y)",NaN,NaN,NaN,NaN,"",NaN,,F339.dat,0
340,15000,3,"@(x,y) (0.1 * (x < 0.25)  + 1.3 * (x >= 0.25) .* (x <0.75)  +  10 * (x>= 0.75 ))",18*pi^2*cos(3*pi*y).*sin(3*pi*x),"@(x,y) sin(3*pi*x).*cos(3*pi*y)",NaN,NaN,NaN,NaN,"",NaN,,F340.dat,0
341,15000,3,"@(x,y) (1e9)",18*pi^2*cos(3*pi*y).*sin(3*pi*x),"@(x,y) sin(3*pi*x).*cos(3*pi*y)",NaN,NaN,NaN,NaN,"",NaN,,F341.dat,0
342,15000,4,"@(x,y) (5)",18*pi^2*cos(3*pi*y).*sin(3*pi*x),"@(x,y) sin(3*pi*x).*cos(3*pi*y)",NaN,NaN,NaN,NaN,"",NaN,,F342.dat,0
343,15000,4,"@(x,y) (0.03)",18*pi^2*cos(3*pi*y).*sin(3*pi*x),"@(x,y) sin(3*pi*x).*cos(3*pi*y)",NaN,NaN,NaN,NaN,"",NaN,,F343.dat,0
344,15000,4,"@(x,y) (25)",18*pi^2*cos(3*pi*y).*sin(3*pi*x),"@(x,y) sin(3*pi*x).*cos(3*pi*y)",NaN,NaN,NaN,NaN,"",NaN,,F344.dat,0
345,15000,4,"@(x,y) (1e-5)",18*pi^2*cos(3*pi*y).*sin(3*pi*x),"@(x,y) sin(3*pi*x).*cos(3*pi*y)",NaN,NaN,NaN,NaN,"",NaN,,F345.dat,0
346,15000,4,"@(x,y) (7*1e2)",18*pi^2*cos(3*pi*y).*sin(3*pi*x),"@(x,y) sin(3*pi*x).*cos(3*pi*y)",NaN,NaN,NaN,NaN,"",NaN,,F346.dat,0
347,15000,4,"@(x,y) (0.01 * (x<0.5) + 150 * (x>=0.5))",18*pi^2*cos(3*pi*y).*sin(3*pi*x),"@(x,y) sin(3*pi*x).*cos(3*pi*y)",NaN,NaN,NaN,NaN,"",NaN,,F347.dat,0
348,15000,4,"@(x,y) (8e-4 * (y<0.5) + 5e-7* (y>=0.5))",18*pi^2*cos(3*pi*y).*sin(3*pi*x),"@(x,y) sin(3*pi*x).*cos(3*pi*y)",NaN,NaN,NaN,NaN,"",NaN,,F348.dat,0
349,15000,4,"@(x,y) (1.5 + 3.5 *(x>0.2))",18*pi^2*cos(3*pi*y).*sin(3*pi*x),"@(x,y) sin(3*pi*x).*cos(3*pi*y)",NaN,NaN,NaN,NaN,"",NaN,,F349.dat,0
350,15000,4,"@(x,y) (50*(y<=0.34) + 398*(y>0.34))",18*pi^2*cos(3*pi*y).*sin(3*pi*x),"@(x,y) sin(3*pi*x).*cos(3*pi*y)",NaN,NaN,NaN,NaN,"",NaN,,F350.dat,0
351,15000,4,"@(x,y) (0.1 * (x < 0.25)  + 1.3 * (x >= 0.25) .* (x <0.75)  +  10 * (x>= 0.75 ))",18*pi^2*cos(3*pi*y).*sin(3*pi*x),"@(x,y) sin(3*pi*x).*cos(3*pi*y)",NaN,NaN,NaN,NaN,"",NaN,,F351.dat,0
352,15000,4,"@(x,y) (1e9)",18*pi^2*cos(3*pi*y).*sin(3*pi*x),"@(x,y) sin(3*pi*x).*cos(3*pi*y)",NaN,NaN,NaN,NaN,"",NaN,,F352.dat,0
353,17000,1,"@(x,y) (5)",18*pi^2*cos(3*pi*y).*sin(3*pi*x),"@(x,y) sin(3*pi*x).*cos(3*pi*y)",NaN,NaN,NaN,NaN,"",NaN,,F353.dat,0
354,17000,1,"@(x,y) (0.03)",18*pi^2*cos(3*pi*y).*sin(3*pi*x),"@(x,y) sin(3*pi*x).*cos(3*pi*y)",NaN,NaN,NaN,NaN,"",NaN,,F354.dat,0
355,17000,1,"@(x,y) (25)",18*pi^2*cos(3*pi*y).*sin(3*pi*x),"@(x,y) sin(3*pi*x).*cos(3*pi*y)",NaN,NaN,NaN,NaN,"",NaN,,F355.dat,0
356,17000,1,"@(x,y) (1e-5)",18*pi^2*cos(3*pi*y).*sin(3*pi*x),"@(x,y) sin(3*pi*x).*cos(3*pi*y)",NaN,NaN,NaN,NaN,"",NaN,,F356.dat,0
357,17000,1,"@(x,y) (7*1e2)",18*pi^2*cos(3*pi*y).*sin(3*pi*x),"@(x,y) sin(3*pi*x).*cos(3*pi*y)",NaN,NaN,NaN,NaN,"",NaN,,F357.dat,0
358,17000,1,"@(x,y) (0.01 * (x<0.5) + 150 * (x>=0.5))",18*pi^2*cos(3*pi*y).*sin(3*pi*x),"@(x,y) sin(3*pi*x).*cos(3*pi*y)",NaN,NaN,NaN,NaN,"",NaN,,F358.dat,0
359,17000,1,"@(x,y) (8e-4 * (y<0.5) + 5e-7* (y>=0.5))",18*pi^2*cos(3*pi*y).*sin(3*pi*x),"@(x,y) sin(3*pi*x).*cos(3*pi*y)",NaN,NaN,NaN,NaN,"",NaN,,F359.dat,0
360,17000,1,"@(x,y) (1.5 + 3.5 *(x>0.2))",18*pi^2*cos(3*pi*y).*sin(3*pi*x),"@(x,y) sin(3*pi*x).*cos(3*pi*y)",NaN,NaN,NaN,NaN,"",NaN,,F360.dat,0
361,17000,1,"@(x,y) (50*(y<=0.34) + 398*(y>0.34))",18*pi^2*cos(3*pi*y).*sin(3*pi*x),"@(x,y) sin(3*pi*x).*cos(3*pi*y)",NaN,NaN,NaN,NaN,"",NaN,,F361.dat,0
362,17000,1,"@(x,y) (0.1 * (x < 0.25)  + 1.3 * (x >= 0.25) .* (x <0.75)  +  10 * (x>= 0.75 ))",18*pi^2*cos(3*pi*y).*sin(3*pi*x),"@(x,y) sin(3*pi*x).*cos(3*pi*y)",NaN,NaN,NaN,NaN,"",NaN,,F362.dat,0
363,17000,1,"@(x,y) (1e9)",18*pi^2*cos(3*pi*y).*sin(3*pi*x),"@(x,y) sin(3*pi*x).*cos(3*pi*y)",NaN,NaN,NaN,NaN,"",NaN,,F363.dat,0
364,17000,2,"@(x,y) (5)",18*pi^2*cos(3*pi*y).*sin(3*pi*x),"@(x,y) sin(3*pi*x).*cos(3*pi*y)",NaN,NaN,NaN,NaN,"",NaN,,F364.dat,0
365,17000,2,"@(x,y) (0.03)",18*pi^2*cos(3*pi*y).*sin(3*pi*x),"@(x,y) sin(3*pi*x).*cos(3*pi*y)",NaN,NaN,NaN,NaN,"",NaN,,F365.dat,0
366,17000,2,"@(x,y) (25)",18*pi^2*cos(3*pi*y).*sin(3*pi*x),"@(x,y) sin(3*pi*x).*cos(3*pi*y)",NaN,NaN,NaN,NaN,"",NaN,,F366.dat,0
367,17000,2,"@(x,y) (1e-5)",18*pi^2*cos(3*pi*y).*sin(3*pi*x),"@(x,y) sin(3*pi*x).*cos(3*pi*y)",NaN,NaN,NaN,NaN,"",NaN,,F367.dat,0
368,17000,2,"@(x,y) (7*1e2)",18*pi^2*cos(3*pi*y).*sin(3*pi*x),"@(x,y) sin(3*pi*x).*cos(3*pi*y)",NaN,NaN,NaN,NaN,"",NaN,,F368.dat,0
369,17000,2,"@(x,y) (0.01 * (x<0.5) + 150 * (x>=0.5))",18*pi^2*cos(3*pi*y).*sin(3*pi*x),"@(x,y) sin(3*pi*x).*cos(3*pi*y)",NaN,NaN,NaN,NaN,"",NaN,,F369.dat,0
370,17000,2,"@(x,y) (8e-4 * (y<0.5) + 5e-7* (y>=0.5))",18*pi^2*cos(3*pi*y).*sin(3*pi*x),"@(x,y) sin(3*pi*x).*cos(3*pi*y)",NaN,NaN,NaN,NaN,"",NaN,,F370.dat,0
371,17000,2,"@(x,y) (1.5 + 3.5 *(x>0.2))",18*pi^2*cos(3*pi*y).*sin(3*pi*x),"@(x,y) sin(3*pi*x).*cos(3*pi*y)",NaN,NaN,NaN,NaN,"",NaN,,F371.dat,0
372,17000,2,"@(x,y) (50*(y<=0.34) + 398*(y>0.34))",18*pi^2*cos(3*pi*y).*sin(3*pi*x),"@(x,y) sin(3*pi*x).*cos(3*pi*y)",NaN,NaN,NaN,NaN,"",NaN,,F372.dat,0
373,17000,2,"@(x,y) (0.1 * (x < 0.25)  + 1.3 * (x >= 0.25) .* (x <0.75)  +  10 * (x>= 0.75 ))",18*pi^2*cos(3*pi*y).*sin(3*pi*x),"@(x,y) sin(3*pi*x).*cos(3*pi*y)",NaN,NaN,NaN,NaN,"",NaN,,F373.dat,0
374,17000,2,"@(x,y) (1e9)",18*pi^2*cos(3*pi*y).*sin(3*pi*x),"@(x,y) sin(3*pi*x).*cos(3*pi*y)",NaN,NaN,NaN,NaN,"",NaN,,F374.dat,0
375,17000,3,"@(x,y) (5)",18*pi^2*cos(3*pi*y).*sin(3*pi*x),"@(x,y) sin(3*pi*x).*cos(3*pi*y)",NaN,NaN,NaN,NaN,"",NaN,,F375.dat,0
376,17000,3,"@(x,y) (0.03)",18*pi^2*cos(3*pi*y).*sin(3*pi*x),"@(x,y) sin(3*pi*x).*cos(3*pi*y)",NaN,NaN,NaN,NaN,"",NaN,,F376.dat,0
377,17000,3,"@(x,y) (25)",18*pi^2*cos(3*pi*y).*sin(3*pi*x),"@(x,y) sin(3*pi*x).*cos(3*pi*y)",NaN,NaN,NaN,NaN,"",NaN,,F377.dat,0
378,17000,3,"@(x,y) (1e-5)",18*pi^2*cos(3*pi*y).*sin(3*pi*x),"@(x,y) sin(3*pi*x).*cos(3*pi*y)",NaN,NaN,NaN,NaN,"",NaN,,F378.dat,0
379,17000,3,"@(x,y) (7*1e2)",18*pi^2*cos(3*pi*y).*sin(3*pi*x),"@(x,y) sin(3*pi*x).*cos(3*pi*y)",NaN,NaN,NaN,NaN,"",NaN,,F379.dat,0
380,17000,3,"@(x,y) (0.01 * (x<0.5) + 150 * (x>=0.5))",18*pi^2*cos(3*pi*y).*sin(3*pi*x),"@(x,y) sin(3*pi*x).*cos(3*pi*y)",NaN,NaN,NaN,NaN,"",NaN,,F380.dat,0
381,17000,3,"@(x,y) (8e-4 * (y<0.5) + 5e-7* (y>=0.5))",18*pi^2*cos(3*pi*y).*sin(3*pi*x),"@(x,y) sin(3*pi*x).*cos(3*pi*y)",NaN,NaN,NaN,NaN,"",NaN,,F381.dat,0
382,17000,3,"@(x,y) (1.5 + 3.5 *(x>0.2))",18*pi^2*cos(3*pi*y).*sin(3*pi*x),"@(x,y) sin(3*pi*x).*cos(3*pi*y)",NaN,NaN,NaN,NaN,"",NaN,,F382.dat,0
383,17000,3,"@(x,y) (50*(y<=0.34) + 398*(y>0.34))",18*pi^2*cos(3*pi*y).*sin(3*pi*x),"@(x,y) sin(3*pi*x).*cos(3*pi*y)",NaN,NaN,NaN,NaN,"",NaN,,F383.dat,0
384,17000,3,"@(x,y) (0.1 * (x < 0.25)  + 1.3 * (x >= 0.25) .* (x <0.75)  +  10 * (x>= 0.75 ))",18*pi^2*cos(3*pi*y).*sin(3*pi*x),"@(x,y) sin(3*pi*x).*cos(3*pi*y)",NaN,NaN,NaN,NaN,"",NaN,,F384.dat,0
385,17000,3,"@(x,y) (1e9)",18*pi^2*cos(3*pi*y).*sin(3*pi*x),"@(x,y) sin(3*pi*x).*cos(3*pi*y)",NaN,NaN,NaN,NaN,"",NaN,,F385.dat,0
386,17000,4,"@(x,y) (5)",18*pi^2*cos(3*pi*y).*sin(3*pi*x),"@(x,y) sin(3*pi*x).*cos(3*pi*y)",NaN,NaN,NaN,NaN,"",NaN,,F386.dat,0
387,17000,4,"@(x,y) (0.03)",18*pi^2*cos(3*pi*y).*sin(3*pi*x),"@(x,y) sin(3*pi*x).*cos(3*pi*y)",NaN,NaN,NaN,NaN,"",NaN,,F387.dat,0
388,17000,4,"@(x,y) (25)",18*pi^2*cos(3*pi*y).*sin(3*pi*x),"@(x,y) sin(3*pi*x).*cos(3*pi*y)",NaN,NaN,NaN,NaN,"",NaN,,F388.dat,0
389,17000,4,"@(x,y) (1e-5)",18*pi^2*cos(3*pi*y).*sin(3*pi*x),"@(x,y) sin(3*pi*x).*cos(3*pi*y)",NaN,NaN,NaN,NaN,"",NaN,,F389.dat,0
390,17000,4,"@(x,y) (7*1e2)",18*pi^2*cos(3*pi*y).*sin(3*pi*x),"@(x,y) sin(3*pi*x).*cos(3*pi*y)",NaN,NaN,NaN,NaN,"",NaN,,F390.dat,0
391,17000,4,"@(x,y) (0.01 * (x<0.5) + 150 * (x>=0.5))",18*pi^2*cos(3*pi*y).*sin(3*pi*x),"@(x,y) sin(3*pi*x).*cos(3*pi*y)",NaN,NaN,NaN,NaN,"",NaN,,F391.dat,0
392,17000,4,"@(x,y) (8e-4 * (y<0.5) + 5e-7* (y>=0.5))",18*pi^2*cos(3*pi*y).*sin(3*pi*x),"@(x,y) sin(3*pi*x).*cos(3*pi*y)",NaN,NaN,NaN,NaN,"",NaN,,F392.dat,0
393,17000,4,"@(x,y) (1.5 + 3.5 *(x>0.2))",18*pi^2*cos(3*pi*y).*sin(3*pi*x),"@(x,y) sin(3*pi*x).*cos(3*pi*y)",NaN,NaN,NaN,NaN,"",NaN,,F393.dat,0
394,17000,4,"@(x,y) (50*(y<=0.34) + 398*(y>0.34))",18*pi^2*cos(3*pi*y).*sin(3*pi*x),"@(x,y) sin(3*pi*x).*cos(3*pi*y)",NaN,NaN,NaN,NaN,"",NaN,,F394.dat,0
395,17000,4,"@(x,y) (0.1 * (x < 0.25)  + 1.3 * (x >= 0.25) .* (x <0.75)  +  10 * (x>= 0.75 ))",18*pi^2*cos(3*pi*y).*sin(3*pi*x),"@(x,y) sin(3*pi*x).*cos(3*pi*y)",NaN,NaN,NaN,NaN,"",NaN,,F395.dat,0
396,17000,4,"@(x,y) (1e9)",18*pi^2*cos(3*pi*y).*sin(3*pi*x),"@(x,y) sin(3*pi*x).*cos(3*pi*y)",NaN,NaN,NaN,NaN,"",NaN,,F396.dat,0
397,19000,1,"@(x,y) (5)",18*pi^2*cos(3*pi*y).*sin(3*pi*x),"@(x,y) sin(3*pi*x).*cos(3*pi*y)",NaN,NaN,NaN,NaN,"",NaN,,F397.dat,0
398,19000,1,"@(x,y) (0.03)",18*pi^2*cos(3*pi*y).*sin(3*pi*x),"@(x,y) sin(3*pi*x).*cos(3*pi*y)",NaN,NaN,NaN,NaN,"",NaN,,F398.dat,0
399,19000,1,"@(x,y) (25)",18*pi^2*cos(3*pi*y).*sin(3*pi*x),"@(x,y) sin(3*pi*x).*cos(3*pi*y)",NaN,NaN,NaN,NaN,"",NaN,,F399.dat,0
400,19000,1,"@(x,y) (1e-5)",18*pi^2*cos(3*pi*y).*sin(3*pi*x),"@(x,y) sin(3*pi*x).*cos(3*pi*y)",NaN,NaN,NaN,NaN,"",NaN,,F400.dat,0
401,19000,1,"@(x,y) (7*1e2)",18*pi^2*cos(3*pi*y).*sin(3*pi*x),"@(x,y) sin(3*pi*x).*cos(3*pi*y)",NaN,NaN,NaN,NaN,"",NaN,,F401.dat,0
402,19000,1,"@(x,y) (0.01 * (x<0.5) + 150 * (x>=0.5))",18*pi^2*cos(3*pi*y).*sin(3*pi*x),"@(x,y) sin(3*pi*x).*cos(3*pi*y)",NaN,NaN,NaN,NaN,"",NaN,,F402.dat,0
403,19000,1,"@(x,y) (8e-4 * (y<0.5) + 5e-7* (y>=0.5))",18*pi^2*cos(3*pi*y).*sin(3*pi*x),"@(x,y) sin(3*pi*x).*cos(3*pi*y)",NaN,NaN,NaN,NaN,"",NaN,,F403.dat,0
404,19000,1,"@(x,y) (1.5 + 3.5 *(x>0.2))",18*pi^2*cos(3*pi*y).*sin(3*pi*x),"@(x,y) sin(3*pi*x).*cos(3*pi*y)",NaN,NaN,NaN,NaN,"",NaN,,F404.dat,0
405,19000,1,"@(x,y) (50*(y<=0.34) + 398*(y>0.34))",18*pi^2*cos(3*pi*y).*sin(3*pi*x),"@(x,y) sin(3*pi*x).*cos(3*pi*y)",NaN,NaN,NaN,NaN,"",NaN,,F405.dat,0
406,19000,1,"@(x,y) (0.1 * (x < 0.25)  + 1.3 * (x >= 0.25) .* (x <0.75)  +  10 * (x>= 0.75 ))",18*pi^2*cos(3*pi*y).*sin(3*pi*x),"@(x,y) sin(3*pi*x).*cos(3*pi*y)",NaN,NaN,NaN,NaN,"",NaN,,F406.dat,0
407,19000,1,"@(x,y) (1e9)",18*pi^2*cos(3*pi*y).*sin(3*pi*x),"@(x,y) sin(3*pi*x).*cos(3*pi*y)",NaN,NaN,NaN,NaN,"",NaN,,F407.dat,0
408,19000,2,"@(x,y) (5)",18*pi^2*cos(3*pi*y).*sin(3*pi*x),"@(x,y) sin(3*pi*x).*cos(3*pi*y)",NaN,NaN,NaN,NaN,"",NaN,,F408.dat,0
409,19000,2,"@(x,y) (0.03)",18*pi^2*cos(3*pi*y).*sin(3*pi*x),"@(x,y) sin(3*pi*x).*cos(3*pi*y)",NaN,NaN,NaN,NaN,"",NaN,,F409.dat,0
410,19000,2,"@(x,y) (25)",18*pi^2*cos(3*pi*y).*sin(3*pi*x),"@(x,y) sin(3*pi*x).*cos(3*pi*y)",NaN,NaN,NaN,NaN,"",NaN,,F410.dat,0
411,19000,2,"@(x,y) (1e-5)",18*pi^2*cos(3*pi*y).*sin(3*pi*x),"@(x,y) sin(3*pi*x).*cos(3*pi*y)",NaN,NaN,NaN,NaN,"",NaN,,F411.dat,0
412,19000,2,"@(x,y) (7*1e2)",18*pi^2*cos(3*pi*y).*sin(3*pi*x),"@(x,y) sin(3*pi*x).*cos(3*pi*y)",NaN,NaN,NaN,NaN,"",NaN,,F412.dat,0
413,19000,2,"@(x,y) (0.01 * (x<0.5) + 150 * (x>=0.5))",18*pi^2*cos(3*pi*y).*sin(3*pi*x),"@(x,y) sin(3*pi*x).*cos(3*pi*y)",NaN,NaN,NaN,NaN,"",NaN,,F413.dat,0
414,19000,2,"@(x,y) (8e-4 * (y<0.5) + 5e-7* (y>=0.5))",18*pi^2*cos(3*pi*y).*sin(3*pi*x),"@(x,y) sin(3*pi*x).*cos(3*pi*y)",NaN,NaN,NaN,NaN,"",NaN,,F414.dat,0
415,19000,2,"@(x,y) (1.5 + 3.5 *(x>0.2))",18*pi^2*cos(3*pi*y).*sin(3*pi*x),"@(x,y) sin(3*pi*x).*cos(3*pi*y)",NaN,NaN,NaN,NaN,"",NaN,,F415.dat,0
416,19000,2,"@(x,y) (50*(y<=0.34) + 398*(y>0.34))",18*pi^2*cos(3*pi*y).*sin(3*pi*x),"@(x,y) sin(3*pi*x).*cos(3*pi*y)",NaN,NaN,NaN,NaN,"",NaN,,F416.dat,0
417,19000,2,"@(x,y) (0.1 * (x < 0.25)  + 1.3 * (x >= 0.25) .* (x <0.75)  +  10 * (x>= 0.75 ))",18*pi^2*cos(3*pi*y).*sin(3*pi*x),"@(x,y) sin(3*pi*x).*cos(3*pi*y)",NaN,NaN,NaN,NaN,"",NaN,,F417.dat,0
418,19000,2,"@(x,y) (1e9)",18*pi^2*cos(3*pi*y).*sin(3*pi*x),"@(x,y) sin(3*pi*x).*cos(3*pi*y)",NaN,NaN,NaN,NaN,"",NaN,,F418.dat,0
419,19000,3,"@(x,y) (5)",18*pi^2*cos(3*pi*y).*sin(3*pi*x),"@(x,y) sin(3*pi*x).*cos(3*pi*y)",NaN,NaN,NaN,NaN,"",NaN,,F419.dat,0
420,19000,3,"@(x,y) (0.03)",18*pi^2*cos(3*pi*y).*sin(3*pi*x),"@(x,y) sin(3*pi*x).*cos(3*pi*y)",NaN,NaN,NaN,NaN,"",NaN,,F420.dat,0
421,19000,3,"@(x,y) (25)",18*pi^2*cos(3*pi*y).*sin(3*pi*x),"@(x,y) sin(3*pi*x).*cos(3*pi*y)",NaN,NaN,NaN,NaN,"",NaN,,F421.dat,0
422,19000,3,"@(x,y) (1e-5)",18*pi^2*cos(3*pi*y).*sin(3*pi*x),"@(x,y) sin(3*pi*x).*cos(3*pi*y)",NaN,NaN,NaN,NaN,"",NaN,,F422.dat,0
423,19000,3,"@(x,y) (7*1e2)",18*pi^2*cos(3*pi*y).*sin(3*pi*x),"@(x,y) sin(3*pi*x).*cos(3*pi*y)",NaN,NaN,NaN,NaN,"",NaN,,F423.dat,0
424,19000,3,"@(x,y) (0.01 * (x<0.5) + 150 * (x>=0.5))",18*pi^2*cos(3*pi*y).*sin(3*pi*x),"@(x,y) sin(3*pi*x).*cos(3*pi*y)",NaN,NaN,NaN,NaN,"",NaN,,F424.dat,0
425,19000,3,"@(x,y) (8e-4 * (y<0.5) + 5e-7* (y>=0.5))",18*pi^2*cos(3*pi*y).*sin(3*pi*x),"@(x,y) sin(3*pi*x).*cos(3*pi*y)",NaN,NaN,NaN,NaN,"",NaN,,F425.dat,0
426,19000,3,"@(x,y) (1.5 + 3.5 *(x>0.2))",18*pi^2*cos(3*pi*y).*sin(3*pi*x),"@(x,y) sin(3*pi*x).*cos(3*pi*y)",NaN,NaN,NaN,NaN,"",NaN,,F426.dat,0
427,19000,3,"@(x,y) (50*(y<=0.34) + 398*(y>0.34))",18*pi^2*cos(3*pi*y).*sin(3*pi*x),"@(x,y) sin(3*pi*x).*cos(3*pi*y)",NaN,NaN,NaN,NaN,"",NaN,,F427.dat,0
428,19000,3,"@(x,y) (0.1 * (x < 0.25)  + 1.3 * (x >= 0.25) .* (x <0.75)  +  10 * (x>= 0.75 ))",18*pi^2*cos(3*pi*y).*sin(3*pi*x),"@(x,y) sin(3*pi*x).*cos(3*pi*y)",NaN,NaN,NaN,NaN,"",NaN,,F428.dat,0
429,19000,3,"@(x,y) (1e9)",18*pi^2*cos(3*pi*y).*sin(3*pi*x),"@(x,y) sin(3*pi*x).*cos(3*pi*y)",NaN,NaN,NaN,NaN,"",NaN,,F429.dat,0
430,19000,4,"@(x,y) (5)",18*pi^2*cos(3*pi*y).*sin(3*pi*x),"@(x,y) sin(3*pi*x).*cos(3*pi*y)",NaN,NaN,NaN,NaN,"",NaN,,F430.dat,0
431,19000,4,"@(x,y) (0.03)",18*pi^2*cos(3*pi*y).*sin(3*pi*x),"@(x,y) sin(3*pi*x).*cos(3*pi*y)",NaN,NaN,NaN,NaN,"",NaN,,F431.dat,0
432,19000,4,"@(x,y) (25)",18*pi^2*cos(3*pi*y).*sin(3*pi*x),"@(x,y) sin(3*pi*x).*cos(3*pi*y)",NaN,NaN,NaN,NaN,"",NaN,,F432.dat,0
433,19000,4,"@(x,y) (1e-5)",18*pi^2*cos(3*pi*y).*sin(3*pi*x),"@(x,y) sin(3*pi*x).*cos(3*pi*y)",NaN,NaN,NaN,NaN,"",NaN,,F433.dat,0
434,19000,4,"@(x,y) (7*1e2)",18*pi^2*cos(3*pi*y).*sin(3*pi*x),"@(x,y) sin(3*pi*x).*cos(3*pi*y)",NaN,NaN,NaN,NaN,"",NaN,,F434.dat,0
435,19000,4,"@(x,y) (0.01 * (x<0.5) + 150 * (x>=0.5))",18*pi^2*cos(3*pi*y).*sin(3*pi*x),"@(x,y) sin(3*pi*x).*cos(3*pi*y)",NaN,NaN,NaN,NaN,"",NaN,,F435.dat,0
436,19000,4,"@(x,y) (8e-4 * (y<0.5) + 5e-7* (y>=0.5))",18*pi^2*cos(3*pi*y).*sin(3*pi*x),"@(x,y) sin(3*pi*x).*cos(3*pi*y)",NaN,NaN,NaN,NaN,"",NaN,,F436.dat,0
437,19000,4,"@(x,y) (1.5 + 3.5 *(x>0.2))",18*pi^2*cos(3*pi*y).*sin(3*pi*x),"@(x,y) sin(3*pi*x).*cos(3*pi*y)",NaN,NaN,NaN,NaN,"",NaN,,F437.dat,0
438,19000,4,"@(x,y) (50*(y<=0.34) + 398*(y>0.34))",18*pi^2*cos(3*pi*y).*sin(3*pi*x),"@(x,y) sin(3*pi*x).*cos(3*pi*y)",NaN,NaN,NaN,NaN,"",NaN,,F438.dat,0
439,19000,4,"@(x,y) (0.1 * (x < 0.25)  + 1.3 * (x >= 0.25) .* (x <0.75)  +  10 * (x>= 0.75 ))",18*pi^2*cos(3*pi*y).*sin(3*pi*x),"@(x,y) sin(3*pi*x).*cos(3*pi*y)",NaN,NaN,NaN,NaN,"",NaN,,F439.dat,0
440,19000,4,"@(x,y) (1e9)",18*pi^2*cos(3*pi*y).*sin(3*pi*x),"@(x,y) sin(3*pi*x).*cos(3*pi*y)",NaN,NaN,NaN,NaN,"",NaN,,F440.dat,0
