New_ID,Old_ID,New_F,Old_F
A1.dat,A1.dat,F1.dat,F1.dat
A2.dat,A2.dat,F2.dat,F2.dat
A3.dat,A3.dat,F3.dat,F3.dat
A4.dat,A4.dat,F4.dat,F4.dat
A5.dat,A5.dat,F5.dat,F5.dat
A6.dat,A6.dat,F6.dat,F6.dat
A7.dat,A7.dat,F7.dat,F7.dat
A8.dat,A8.dat,F8.dat,F8.dat
A9.dat,A9.dat,F9.dat,F9.dat
A10.dat,A10.dat,F10.dat,F10.dat
A11.dat,A11.dat,F11.dat,F11.dat
A12.dat,A45.dat,F12.dat,F45.dat
A13.dat,A46.dat,F13.dat,F46.dat
A14.dat,A47.dat,F14.dat,F47.dat
A15.dat,A48.dat,F15.dat,F48.dat
A16.dat,A49.dat,F16.dat,F49.dat
A17.dat,A50.dat,F17.dat,F50.dat
A18.dat,A51.dat,F18.dat,F51.dat
A19.dat,A52.dat,F19.dat,F52.dat
A20.dat,A53.dat,F20.dat,F53.dat
A21.dat,A54.dat,F21.dat,F54.dat
A22.dat,A55.dat,F22.dat,F55.dat
A23.dat,A89.dat,F23.dat,F89.dat
A24.dat,A90.dat,F24.dat,F90.dat
A25.dat,A91.dat,F25.dat,F91.dat
A26.dat,A92.dat,F26.dat,F92.dat
A27.dat,A93.dat,F27.dat,F93.dat
A28.dat,A94.dat,F28.dat,F94.dat
A29.dat,A95.dat,F29.dat,F95.dat
A30.dat,A96.dat,F30.dat,F96.dat
A31.dat,A97.dat,F31.dat,F97.dat
A32.dat,A98.dat,F32.dat,F98.dat
A33.dat,A99.dat,F33.dat,F99.dat
A34.dat,A133.dat,F34.dat,F133.dat
A35.dat,A134.dat,F35.dat,F134.dat
A36.dat,A135.dat,F36.dat,F135.dat
A37.dat,A136.dat,F37.dat,F136.dat
A38.dat,A137.dat,F38.dat,F137.dat
A39.dat,A138.dat,F39.dat,F138.dat
A40.dat,A139.dat,F40.dat,F139.dat
A41.dat,A140.dat,F41.dat,F140.dat
A42.dat,A141.dat,F42.dat,F141.dat
A43.dat,A142.dat,F43.dat,F142.dat
A44.dat,A143.dat,F44.dat,F143.dat
A45.dat,A177.dat,F45.dat,F177.dat
A46.dat,A178.dat,F46.dat,F178.dat
A47.dat,A179.dat,F47.dat,F179.dat
A48.dat,A180.dat,F48.dat,F180.dat
A49.dat,A181.dat,F49.dat,F181.dat
A50.dat,A182.dat,F50.dat,F182.dat
A51.dat,A183.dat,F51.dat,F183.dat
A52.dat,A184.dat,F52.dat,F184.dat
A53.dat,A185.dat,F53.dat,F185.dat
A54.dat,A186.dat,F54.dat,F186.dat
A55.dat,A187.dat,F55.dat,F187.dat
A56.dat,A221.dat,F56.dat,F221.dat
A57.dat,A222.dat,F57.dat,F222.dat
A58.dat,A223.dat,F58.dat,F223.dat
A59.dat,A224.dat,F59.dat,F224.dat
A60.dat,A225.dat,F60.dat,F225.dat
A61.dat,A226.dat,F61.dat,F226.dat
A62.dat,A227.dat,F62.dat,F227.dat
A63.dat,A228.dat,F63.dat,F228.dat
A64.dat,A229.dat,F64.dat,F229.dat
A65.dat,A230.dat,F65.dat,F230.dat
A66.dat,A231.dat,F66.dat,F231.dat
A67.dat,A265.dat,F67.dat,F265.dat
A68.dat,A266.dat,F68.dat,F266.dat
A69.dat,A267.dat,F69.dat,F267.dat
A70.dat,A268.dat,F70.dat,F268.dat
A71.dat,A269.dat,F71.dat,F269.dat
A72.dat,A270.dat,F72.dat,F270.dat
A73.dat,A271.dat,F73.dat,F271.dat
A74.dat,A272.dat,F74.dat,F272.dat
A75.dat,A273.dat,F75.dat,F273.dat
A76.dat,A274.dat,F76.dat,F274.dat
A77.dat,A275.dat,F77.dat,F275.dat
A78.dat,A309.dat,F78.dat,F309.dat
A79.dat,A310.dat,F79.dat,F310.dat
A80.dat,A311.dat,F80.dat,F311.dat
A81.dat,A312.dat,F81.dat,F312.dat
A82.dat,A313.dat,F82.dat,F313.dat
A83.dat,A314.dat,F83.dat,F314.dat
A84.dat,A315.dat,F84.dat,F315.dat
A85.dat,A316.dat,F85.dat,F316.dat
A86.dat,A317.dat,F86.dat,F317.dat
A87.dat,A318.dat,F87.dat,F318.dat
A88.dat,A319.dat,F88.dat,F319.dat
A89.dat,A353.dat,F89.dat,F353.dat
A90.dat,A354.dat,F90.dat,F354.dat
A91.dat,A355.dat,F91.dat,F355.dat
A92.dat,A356.dat,F92.dat,F356.dat
A93.dat,A357.dat,F93.dat,F357.dat
A94.dat,A358.dat,F94.dat,F358.dat
A95.dat,A359.dat,F95.dat,F359.dat
A96.dat,A360.dat,F96.dat,F360.dat
A97.dat,A361.dat,F97.dat,F361.dat
A98.dat,A362.dat,F98.dat,F362.dat
A99.dat,A363.dat,F99.dat,F363.dat
A100.dat,A397.dat,F100.dat,F397.dat
A101.dat,A398.dat,F101.dat,F398.dat
A102.dat,A399.dat,F102.dat,F399.dat
A103.dat,A400.dat,F103.dat,F400.dat
A104.dat,A401.dat,F104.dat,F401.dat
A105.dat,A402.dat,F105.dat,F402.dat
A106.dat,A403.dat,F106.dat,F403.dat
A107.dat,A404.dat,F107.dat,F404.dat
A108.dat,A405.dat,F108.dat,F405.dat
A109.dat,A406.dat,F109.dat,F406.dat
A110.dat,A407.dat,F110.dat,F407.dat
A111.dat,A12.dat,F111.dat,F12.dat
A112.dat,A13.dat,F112.dat,F13.dat
A113.dat,A14.dat,F113.dat,F14.dat
A114.dat,A15.dat,F114.dat,F15.dat
A115.dat,A16.dat,F115.dat,F16.dat
A116.dat,A17.dat,F116.dat,F17.dat
A117.dat,A18.dat,F117.dat,F18.dat
A118.dat,A19.dat,F118.dat,F19.dat
A119.dat,A20.dat,F119.dat,F20.dat
A120.dat,A21.dat,F120.dat,F21.dat
A121.dat,A22.dat,F121.dat,F22.dat
A122.dat,A56.dat,F122.dat,F56.dat
A123.dat,A57.dat,F123.dat,F57.dat
A124.dat,A58.dat,F124.dat,F58.dat
A125.dat,A59.dat,F125.dat,F59.dat
A126.dat,A60.dat,F126.dat,F60.dat
A127.dat,A61.dat,F127.dat,F61.dat
A128.dat,A62.dat,F128.dat,F62.dat
A129.dat,A63.dat,F129.dat,F63.dat
A130.dat,A64.dat,F130.dat,F64.dat
A131.dat,A65.dat,F131.dat,F65.dat
A132.dat,A66.dat,F132.dat,F66.dat
A133.dat,A100.dat,F133.dat,F100.dat
A134.dat,A101.dat,F134.dat,F101.dat
A135.dat,A102.dat,F135.dat,F102.dat
A136.dat,A103.dat,F136.dat,F103.dat
A137.dat,A104.dat,F137.dat,F104.dat
A138.dat,A105.dat,F138.dat,F105.dat
A139.dat,A106.dat,F139.dat,F106.dat
A140.dat,A107.dat,F140.dat,F107.dat
A141.dat,A108.dat,F141.dat,F108.dat
A142.dat,A109.dat,F142.dat,F109.dat
A143.dat,A110.dat,F143.dat,F110.dat
A144.dat,A144.dat,F144.dat,F144.dat
A145.dat,A145.dat,F145.dat,F145.dat
A146.dat,A146.dat,F146.dat,F146.dat
A147.dat,A147.dat,F147.dat,F147.dat
A148.dat,A148.dat,F148.dat,F148.dat
A149.dat,A149.dat,F149.dat,F149.dat
A150.dat,A150.dat,F150.dat,F150.dat
A151.dat,A151.dat,F151.dat,F151.dat
A152.dat,A152.dat,F152.dat,F152.dat
A153.dat,A153.dat,F153.dat,F153.dat
A154.dat,A154.dat,F154.dat,F154.dat
A155.dat,A188.dat,F155.dat,F188.dat
A156.dat,A189.dat,F156.dat,F189.dat
A157.dat,A190.dat,F157.dat,F190.dat
A158.dat,A191.dat,F158.dat,F191.dat
A159.dat,A192.dat,F159.dat,F192.dat
A160.dat,A193.dat,F160.dat,F193.dat
A161.dat,A194.dat,F161.dat,F194.dat
A162.dat,A195.dat,F162.dat,F195.dat
A163.dat,A196.dat,F163.dat,F196.dat
A164.dat,A197.dat,F164.dat,F197.dat
A165.dat,A198.dat,F165.dat,F198.dat
A166.dat,A232.dat,F166.dat,F232.dat
A167.dat,A233.dat,F167.dat,F233.dat
A168.dat,A234.dat,F168.dat,F234.dat
A169.dat,A235.dat,F169.dat,F235.dat
A170.dat,A236.dat,F170.dat,F236.dat
A171.dat,A237.dat,F171.dat,F237.dat
A172.dat,A238.dat,F172.dat,F238.dat
A173.dat,A239.dat,F173.dat,F239.dat
A174.dat,A240.dat,F174.dat,F240.dat
A175.dat,A241.dat,F175.dat,F241.dat
A176.dat,A242.dat,F176.dat,F242.dat
A177.dat,A276.dat,F177.dat,F276.dat
A178.dat,A277.dat,F178.dat,F277.dat
A179.dat,A278.dat,F179.dat,F278.dat
A180.dat,A279.dat,F180.dat,F279.dat
A181.dat,A280.dat,F181.dat,F280.dat
A182.dat,A281.dat,F182.dat,F281.dat
A183.dat,A282.dat,F183.dat,F282.dat
A184.dat,A283.dat,F184.dat,F283.dat
A185.dat,A284.dat,F185.dat,F284.dat
A186.dat,A285.dat,F186.dat,F285.dat
A187.dat,A286.dat,F187.dat,F286.dat
A188.dat,A320.dat,F188.dat,F320.dat
A189.dat,A321.dat,F189.dat,F321.dat
A190.dat,A322.dat,F190.dat,F322.dat
A191.dat,A323.dat,F191.dat,F323.dat
A192.dat,A324.dat,F192.dat,F324.dat
A193.dat,A325.dat,F193.dat,F325.dat
A194.dat,A326.dat,F194.dat,F326.dat
A195.dat,A327.dat,F195.dat,F327.dat
A196.dat,A328.dat,F196.dat,F328.dat
A197.dat,A329.dat,F197.dat,F329.dat
A198.dat,A330.dat,F198.dat,F330.dat
A199.dat,A364.dat,F199.dat,F364.dat
A200.dat,A365.dat,F200.dat,F365.dat
A201.dat,A366.dat,F201.dat,F366.dat
A202.dat,A367.dat,F202.dat,F367.dat
A203.dat,A368.dat,F203.dat,F368.dat
A204.dat,A369.dat,F204.dat,F369.dat
A205.dat,A370.dat,F205.dat,F370.dat
A206.dat,A371.dat,F206.dat,F371.dat
A207.dat,A372.dat,F207.dat,F372.dat
A208.dat,A373.dat,F208.dat,F373.dat
A209.dat,A374.dat,F209.dat,F374.dat
A210.dat,A408.dat,F210.dat,F408.dat
A211.dat,A409.dat,F211.dat,F409.dat
A212.dat,A410.dat,F212.dat,F410.dat
A213.dat,A411.dat,F213.dat,F411.dat
A214.dat,A412.dat,F214.dat,F412.dat
A215.dat,A413.dat,F215.dat,F413.dat
A216.dat,A414.dat,F216.dat,F414.dat
A217.dat,A415.dat,F217.dat,F415.dat
A218.dat,A416.dat,F218.dat,F416.dat
A219.dat,A417.dat,F219.dat,F417.dat
A220.dat,A418.dat,F220.dat,F418.dat
A221.dat,A23.dat,F221.dat,F23.dat
A222.dat,A24.dat,F222.dat,F24.dat
A223.dat,A25.dat,F223.dat,F25.dat
A224.dat,A26.dat,F224.dat,F26.dat
A225.dat,A27.dat,F225.dat,F27.dat
A226.dat,A28.dat,F226.dat,F28.dat
A227.dat,A29.dat,F227.dat,F29.dat
A228.dat,A30.dat,F228.dat,F30.dat
A229.dat,A31.dat,F229.dat,F31.dat
A230.dat,A32.dat,F230.dat,F32.dat
A231.dat,A33.dat,F231.dat,F33.dat
A232.dat,A67.dat,F232.dat,F67.dat
A233.dat,A68.dat,F233.dat,F68.dat
A234.dat,A69.dat,F234.dat,F69.dat
A235.dat,A70.dat,F235.dat,F70.dat
A236.dat,A71.dat,F236.dat,F71.dat
A237.dat,A72.dat,F237.dat,F72.dat
A238.dat,A73.dat,F238.dat,F73.dat
A239.dat,A74.dat,F239.dat,F74.dat
A240.dat,A75.dat,F240.dat,F75.dat
A241.dat,A76.dat,F241.dat,F76.dat
A242.dat,A77.dat,F242.dat,F77.dat
A243.dat,A111.dat,F243.dat,F111.dat
A244.dat,A112.dat,F244.dat,F112.dat
A245.dat,A113.dat,F245.dat,F113.dat
A246.dat,A114.dat,F246.dat,F114.dat
A247.dat,A115.dat,F247.dat,F115.dat
A248.dat,A116.dat,F248.dat,F116.dat
A249.dat,A117.dat,F249.dat,F117.dat
A250.dat,A118.dat,F250.dat,F118.dat
A251.dat,A119.dat,F251.dat,F119.dat
A252.dat,A120.dat,F252.dat,F120.dat
A253.dat,A121.dat,F253.dat,F121.dat
A254.dat,A155.dat,F254.dat,F155.dat
A255.dat,A156.dat,F255.dat,F156.dat
A256.dat,A157.dat,F256.dat,F157.dat
A257.dat,A158.dat,F257.dat,F158.dat
A258.dat,A159.dat,F258.dat,F159.dat
A259.dat,A160.dat,F259.dat,F160.dat
A260.dat,A161.dat,F260.dat,F161.dat
A261.dat,A162.dat,F261.dat,F162.dat
A262.dat,A163.dat,F262.dat,F163.dat
A263.dat,A164.dat,F263.dat,F164.dat
A264.dat,A165.dat,F264.dat,F165.dat
A265.dat,A199.dat,F265.dat,F199.dat
A266.dat,A200.dat,F266.dat,F200.dat
A267.dat,A201.dat,F267.dat,F201.dat
A268.dat,A202.dat,F268.dat,F202.dat
A269.dat,A203.dat,F269.dat,F203.dat
A270.dat,A204.dat,F270.dat,F204.dat
A271.dat,A205.dat,F271.dat,F205.dat
A272.dat,A206.dat,F272.dat,F206.dat
A273.dat,A207.dat,F273.dat,F207.dat
A274.dat,A208.dat,F274.dat,F208.dat
A275.dat,A209.dat,F275.dat,F209.dat
A276.dat,A243.dat,F276.dat,F243.dat
A277.dat,A244.dat,F277.dat,F244.dat
A278.dat,A245.dat,F278.dat,F245.dat
A279.dat,A246.dat,F279.dat,F246.dat
A280.dat,A247.dat,F280.dat,F247.dat
A281.dat,A248.dat,F281.dat,F248.dat
A282.dat,A249.dat,F282.dat,F249.dat
A283.dat,A250.dat,F283.dat,F250.dat
A284.dat,A251.dat,F284.dat,F251.dat
A285.dat,A252.dat,F285.dat,F252.dat
A286.dat,A253.dat,F286.dat,F253.dat
A287.dat,A287.dat,F287.dat,F287.dat
A288.dat,A288.dat,F288.dat,F288.dat
A289.dat,A289.dat,F289.dat,F289.dat
A290.dat,A290.dat,F290.dat,F290.dat
A291.dat,A291.dat,F291.dat,F291.dat
A292.dat,A292.dat,F292.dat,F292.dat
A293.dat,A293.dat,F293.dat,F293.dat
A294.dat,A294.dat,F294.dat,F294.dat
A295.dat,A295.dat,F295.dat,F295.dat
A296.dat,A296.dat,F296.dat,F296.dat
A297.dat,A297.dat,F297.dat,F297.dat
A298.dat,A331.dat,F298.dat,F331.dat
A299.dat,A332.dat,F299.dat,F332.dat
A300.dat,A333.dat,F300.dat,F333.dat
A301.dat,A334.dat,F301.dat,F334.dat
A302.dat,A335.dat,F302.dat,F335.dat
A303.dat,A336.dat,F303.dat,F336.dat
A304.dat,A337.dat,F304.dat,F337.dat
A305.dat,A338.dat,F305.dat,F338.dat
A306.dat,A339.dat,F306.dat,F339.dat
A307.dat,A340.dat,F307.dat,F340.dat
A308.dat,A341.dat,F308.dat,F341.dat
A309.dat,A375.dat,F309.dat,F375.dat
A310.dat,A376.dat,F310.dat,F376.dat
A311.dat,A377.dat,F311.dat,F377.dat
A312.dat,A378.dat,F312.dat,F378.dat
A313.dat,A379.dat,F313.dat,F379.dat
A314.dat,A380.dat,F314.dat,F380.dat
A315.dat,A381.dat,F315.dat,F381.dat
A316.dat,A382.dat,F316.dat,F382.dat
A317.dat,A383.dat,F317.dat,F383.dat
A318.dat,A384.dat,F318.dat,F384.dat
A319.dat,A385.dat,F319.dat,F385.dat
A320.dat,A419.dat,F320.dat,F419.dat
A321.dat,A420.dat,F321.dat,F420.dat
A322.dat,A421.dat,F322.dat,F421.dat
A323.dat,A422.dat,F323.dat,F422.dat
A324.dat,A423.dat,F324.dat,F423.dat
A325.dat,A424.dat,F325.dat,F424.dat
A326.dat,A425.dat,F326.dat,F425.dat
A327.dat,A426.dat,F327.dat,F426.dat
A328.dat,A427.dat,F328.dat,F427.dat
A329.dat,A428.dat,F329.dat,F428.dat
A330.dat,A429.dat,F330.dat,F429.dat
A331.dat,A34.dat,F331.dat,F34.dat
A332.dat,A35.dat,F332.dat,F35.dat
A333.dat,A36.dat,F333.dat,F36.dat
A334.dat,A37.dat,F334.dat,F37.dat
A335.dat,A38.dat,F335.dat,F38.dat
A336.dat,A39.dat,F336.dat,F39.dat
A337.dat,A40.dat,F337.dat,F40.dat
A338.dat,A41.dat,F338.dat,F41.dat
A339.dat,A42.dat,F339.dat,F42.dat
A340.dat,A43.dat,F340.dat,F43.dat
A341.dat,A44.dat,F341.dat,F44.dat
A342.dat,A78.dat,F342.dat,F78.dat
A343.dat,A79.dat,F343.dat,F79.dat
A344.dat,A80.dat,F344.dat,F80.dat
A345.dat,A81.dat,F345.dat,F81.dat
A346.dat,A82.dat,F346.dat,F82.dat
A347.dat,A83.dat,F347.dat,F83.dat
A348.dat,A84.dat,F348.dat,F84.dat
A349.dat,A85.dat,F349.dat,F85.dat
A350.dat,A86.dat,F350.dat,F86.dat
A351.dat,A87.dat,F351.dat,F87.dat
A352.dat,A88.dat,F352.dat,F88.dat
A353.dat,A122.dat,F353.dat,F122.dat
A354.dat,A123.dat,F354.dat,F123.dat
A355.dat,A124.dat,F355.dat,F124.dat
A356.dat,A125.dat,F356.dat,F125.dat
A357.dat,A126.dat,F357.dat,F126.dat
A358.dat,A127.dat,F358.dat,F127.dat
A359.dat,A128.dat,F359.dat,F128.dat
A360.dat,A129.dat,F360.dat,F129.dat
A361.dat,A130.dat,F361.dat,F130.dat
A362.dat,A131.dat,F362.dat,F131.dat
A363.dat,A132.dat,F363.dat,F132.dat
A364.dat,A166.dat,F364.dat,F166.dat
A365.dat,A167.dat,F365.dat,F167.dat
A366.dat,A168.dat,F366.dat,F168.dat
A367.dat,A169.dat,F367.dat,F169.dat
A368.dat,A170.dat,F368.dat,F170.dat
A369.dat,A171.dat,F369.dat,F171.dat
A370.dat,A172.dat,F370.dat,F172.dat
A371.dat,A173.dat,F371.dat,F173.dat
A372.dat,A174.dat,F372.dat,F174.dat
A373.dat,A175.dat,F373.dat,F175.dat
A374.dat,A176.dat,F374.dat,F176.dat
A375.dat,A210.dat,F375.dat,F210.dat
A376.dat,A211.dat,F376.dat,F211.dat
A377.dat,A212.dat,F377.dat,F212.dat
A378.dat,A213.dat,F378.dat,F213.dat
A379.dat,A214.dat,F379.dat,F214.dat
A380.dat,A215.dat,F380.dat,F215.dat
A381.dat,A216.dat,F381.dat,F216.dat
A382.dat,A217.dat,F382.dat,F217.dat
A383.dat,A218.dat,F383.dat,F218.dat
A384.dat,A219.dat,F384.dat,F219.dat
A385.dat,A220.dat,F385.dat,F220.dat
A386.dat,A254.dat,F386.dat,F254.dat
A387.dat,A255.dat,F387.dat,F255.dat
A388.dat,A256.dat,F388.dat,F256.dat
A389.dat,A257.dat,F389.dat,F257.dat
A390.dat,A258.dat,F390.dat,F258.dat
A391.dat,A259.dat,F391.dat,F259.dat
A392.dat,A260.dat,F392.dat,F260.dat
A393.dat,A261.dat,F393.dat,F261.dat
A394.dat,A262.dat,F394.dat,F262.dat
A395.dat,A263.dat,F395.dat,F263.dat
A396.dat,A264.dat,F396.dat,F264.dat
A397.dat,A298.dat,F397.dat,F298.dat
A398.dat,A299.dat,F398.dat,F299.dat
A399.dat,A300.dat,F399.dat,F300.dat
A400.dat,A301.dat,F400.dat,F301.dat
A401.dat,A302.dat,F401.dat,F302.dat
A402.dat,A303.dat,F402.dat,F303.dat
A403.dat,A304.dat,F403.dat,F304.dat
A404.dat,A305.dat,F404.dat,F305.dat
A405.dat,A306.dat,F405.dat,F306.dat
A406.dat,A307.dat,F406.dat,F307.dat
A407.dat,A308.dat,F407.dat,F308.dat
A408.dat,A342.dat,F408.dat,F342.dat
A409.dat,A343.dat,F409.dat,F343.dat
A410.dat,A344.dat,F410.dat,F344.dat
A411.dat,A345.dat,F411.dat,F345.dat
A412.dat,A346.dat,F412.dat,F346.dat
A413.dat,A347.dat,F413.dat,F347.dat
A414.dat,A348.dat,F414.dat,F348.dat
A415.dat,A349.dat,F415.dat,F349.dat
A416.dat,A350.dat,F416.dat,F350.dat
A417.dat,A351.dat,F417.dat,F351.dat
A418.dat,A352.dat,F418.dat,F352.dat
A419.dat,A386.dat,F419.dat,F386.dat
A420.dat,A387.dat,F420.dat,F387.dat
A421.dat,A388.dat,F421.dat,F388.dat
A422.dat,A389.dat,F422.dat,F389.dat
A423.dat,A390.dat,F423.dat,F390.dat
A424.dat,A391.dat,F424.dat,F391.dat
A425.dat,A392.dat,F425.dat,F392.dat
A426.dat,A393.dat,F426.dat,F393.dat
A427.dat,A394.dat,F427.dat,F394.dat
A428.dat,A395.dat,F428.dat,F395.dat
A429.dat,A396.dat,F429.dat,F396.dat
A430.dat,A430.dat,F430.dat,F430.dat
A431.dat,A431.dat,F431.dat,F431.dat
A432.dat,A432.dat,F432.dat,F432.dat
A433.dat,A433.dat,F433.dat,F433.dat
A434.dat,A434.dat,F434.dat,F434.dat
A435.dat,A435.dat,F435.dat,F435.dat
A436.dat,A436.dat,F436.dat,F436.dat
A437.dat,A437.dat,F437.dat,F437.dat
A438.dat,A438.dat,F438.dat,F438.dat
A439.dat,A439.dat,F439.dat,F439.dat
A440.dat,A440.dat,F440.dat,F440.dat
