ID	N	p	mu	f	g	pb_ID					
1	1000	1	@(x,y) (5)	 18*pi^2*cos(3*pi*y).*sin(3*pi*x)	@(x,y) sin(3*pi*x).*cos(3*pi*y)	1			N	mu	p
2	1000	1	@(x,y) (0.03)	 18*pi^2*cos(3*pi*y).*sin(3*pi*x)	@(x,y) sin(3*pi*x).*cos(3*pi*y)	2			1000	@(x,y) (5)	1
3	1000	1	@(x,y) (25)	 18*pi^2*cos(3*pi*y).*sin(3*pi*x)	@(x,y) sin(3*pi*x).*cos(3*pi*y)				3000	@(x,y) (0.03)	2
4	1000	1	@(x,y) (1e-5) 	 18*pi^2*cos(3*pi*y).*sin(3*pi*x)	@(x,y) sin(3*pi*x).*cos(3*pi*y)				5000	@(x,y) (25)	3
5	1000	1	@(x,y) (7*1e2)	 18*pi^2*cos(3*pi*y).*sin(3*pi*x)	@(x,y) sin(3*pi*x).*cos(3*pi*y)				7000	@(x,y) (1e-5) 	4
6	1000	1	@(x,y) (0.01 * (x<0.5) + 150 * (x>=0.5))	 18*pi^2*cos(3*pi*y).*sin(3*pi*x)	@(x,y) sin(3*pi*x).*cos(3*pi*y)				9000	@(x,y) (7*1e2)	
7	1000	1	@(x,y) (8e-4 * (y<0.5) + 5e-7* (y>=0.5))	 18*pi^2*cos(3*pi*y).*sin(3*pi*x)	@(x,y) sin(3*pi*x).*cos(3*pi*y)				11000	@(x,y) (0.01 * (x<0.5) + 150 * (x>=0.5))	
8	1000	1	@(x,y) (1.5 + 3.5 *(x>0.2))	 18*pi^2*cos(3*pi*y).*sin(3*pi*x)	@(x,y) sin(3*pi*x).*cos(3*pi*y)				13000	@(x,y) (8e-4 * (y<0.5) + 5e-7* (y>=0.5))	
9	1000	1	@(x,y) (50*(y<=0.34) + 398*(y>0.34))	 18*pi^2*cos(3*pi*y).*sin(3*pi*x)	@(x,y) sin(3*pi*x).*cos(3*pi*y)				15000	@(x,y) (1.5 + 3.5 *(x>0.2))	
10	1000	1	@(x,y) (0.1 * (x < 0.25)  + 1.3 * (x >= 0.25) .* (x <0.75)  +  10 * (x>= 0.75 ))	 18*pi^2*cos(3*pi*y).*sin(3*pi*x)	@(x,y) sin(3*pi*x).*cos(3*pi*y)				17000	@(x,y) (50*(y<=0.34) + 398*(y>0.34))	
11	1000	1	@(x,y) (1e9)	 18*pi^2*cos(3*pi*y).*sin(3*pi*x)	@(x,y) sin(3*pi*x).*cos(3*pi*y)				19000	@(x,y) (0.1 * (x < 0.25)  + 1.3 * (x >= 0.25 && x <0.75)  +  10 * (x>= 0.75 )	
12	1000	2	@(x,y) (5)	 18*pi^2*cos(3*pi*y).*sin(3*pi*x)	@(x,y) sin(3*pi*x).*cos(3*pi*y)					@(x,y) (1e9)	
13	1000	2	@(x,y) (0.03)	 18*pi^2*cos(3*pi*y).*sin(3*pi*x)	@(x,y) sin(3*pi*x).*cos(3*pi*y)						
14	1000	2	@(x,y) (25)	 18*pi^2*cos(3*pi*y).*sin(3*pi*x)	@(x,y) sin(3*pi*x).*cos(3*pi*y)						
15	1000	2	@(x,y) (1e-5) 	 18*pi^2*cos(3*pi*y).*sin(3*pi*x)	@(x,y) sin(3*pi*x).*cos(3*pi*y)						
16	1000	2	@(x,y) (7*1e2)	 18*pi^2*cos(3*pi*y).*sin(3*pi*x)	@(x,y) sin(3*pi*x).*cos(3*pi*y)						
17	1000	2	@(x,y) (0.01 * (x<0.5) + 150 * (x>=0.5))	 18*pi^2*cos(3*pi*y).*sin(3*pi*x)	@(x,y) sin(3*pi*x).*cos(3*pi*y)						
18	1000	2	@(x,y) (8e-4 * (y<0.5) + 5e-7* (y>=0.5))	 18*pi^2*cos(3*pi*y).*sin(3*pi*x)	@(x,y) sin(3*pi*x).*cos(3*pi*y)						
19	1000	2	@(x,y) (1.5 + 3.5 *(x>0.2))	 18*pi^2*cos(3*pi*y).*sin(3*pi*x)	@(x,y) sin(3*pi*x).*cos(3*pi*y)						
20	1000	2	@(x,y) (50*(y<=0.34) + 398*(y>0.34))	 18*pi^2*cos(3*pi*y).*sin(3*pi*x)	@(x,y) sin(3*pi*x).*cos(3*pi*y)						
21	1000	2	@(x,y) (0.1 * (x < 0.25)  + 1.3 * (x >= 0.25) .* (x <0.75)  +  10 * (x>= 0.75 ))	 18*pi^2*cos(3*pi*y).*sin(3*pi*x)	@(x,y) sin(3*pi*x).*cos(3*pi*y)						
22	1000	2	@(x,y) (1e9)	 18*pi^2*cos(3*pi*y).*sin(3*pi*x)	@(x,y) sin(3*pi*x).*cos(3*pi*y)						
23	1000	3	@(x,y) (5)	 18*pi^2*cos(3*pi*y).*sin(3*pi*x)	@(x,y) sin(3*pi*x).*cos(3*pi*y)						
24	1000	3	@(x,y) (0.03)	 18*pi^2*cos(3*pi*y).*sin(3*pi*x)	@(x,y) sin(3*pi*x).*cos(3*pi*y)						
25	1000	3	@(x,y) (25)	 18*pi^2*cos(3*pi*y).*sin(3*pi*x)	@(x,y) sin(3*pi*x).*cos(3*pi*y)						
26	1000	3	@(x,y) (1e-5) 	 18*pi^2*cos(3*pi*y).*sin(3*pi*x)	@(x,y) sin(3*pi*x).*cos(3*pi*y)						
27	1000	3	@(x,y) (7*1e2)	 18*pi^2*cos(3*pi*y).*sin(3*pi*x)	@(x,y) sin(3*pi*x).*cos(3*pi*y)						
28	1000	3	@(x,y) (0.01 * (x<0.5) + 150 * (x>=0.5))	 18*pi^2*cos(3*pi*y).*sin(3*pi*x)	@(x,y) sin(3*pi*x).*cos(3*pi*y)						
29	1000	3	@(x,y) (8e-4 * (y<0.5) + 5e-7* (y>=0.5))	 18*pi^2*cos(3*pi*y).*sin(3*pi*x)	@(x,y) sin(3*pi*x).*cos(3*pi*y)						
30	1000	3	@(x,y) (1.5 + 3.5 *(x>0.2))	 18*pi^2*cos(3*pi*y).*sin(3*pi*x)	@(x,y) sin(3*pi*x).*cos(3*pi*y)						
31	1000	3	@(x,y) (50*(y<=0.34) + 398*(y>0.34))	 18*pi^2*cos(3*pi*y).*sin(3*pi*x)	@(x,y) sin(3*pi*x).*cos(3*pi*y)						
32	1000	3	@(x,y) (0.1 * (x < 0.25)  + 1.3 * (x >= 0.25) .* (x <0.75)  +  10 * (x>= 0.75 ))	 18*pi^2*cos(3*pi*y).*sin(3*pi*x)	@(x,y) sin(3*pi*x).*cos(3*pi*y)						
33	1000	3	@(x,y) (1e9)	 18*pi^2*cos(3*pi*y).*sin(3*pi*x)	@(x,y) sin(3*pi*x).*cos(3*pi*y)						
34	1000	4	@(x,y) (5)	 18*pi^2*cos(3*pi*y).*sin(3*pi*x)	@(x,y) sin(3*pi*x).*cos(3*pi*y)						
35	1000	4	@(x,y) (0.03)	 18*pi^2*cos(3*pi*y).*sin(3*pi*x)	@(x,y) sin(3*pi*x).*cos(3*pi*y)						
36	1000	4	@(x,y) (25)	 18*pi^2*cos(3*pi*y).*sin(3*pi*x)	@(x,y) sin(3*pi*x).*cos(3*pi*y)						
37	1000	4	@(x,y) (1e-5) 	 18*pi^2*cos(3*pi*y).*sin(3*pi*x)	@(x,y) sin(3*pi*x).*cos(3*pi*y)						
38	1000	4	@(x,y) (7*1e2)	 18*pi^2*cos(3*pi*y).*sin(3*pi*x)	@(x,y) sin(3*pi*x).*cos(3*pi*y)						
39	1000	4	@(x,y) (0.01 * (x<0.5) + 150 * (x>=0.5))	 18*pi^2*cos(3*pi*y).*sin(3*pi*x)	@(x,y) sin(3*pi*x).*cos(3*pi*y)						
40	1000	4	@(x,y) (8e-4 * (y<0.5) + 5e-7* (y>=0.5))	 18*pi^2*cos(3*pi*y).*sin(3*pi*x)	@(x,y) sin(3*pi*x).*cos(3*pi*y)						
41	1000	4	@(x,y) (1.5 + 3.5 *(x>0.2))	 18*pi^2*cos(3*pi*y).*sin(3*pi*x)	@(x,y) sin(3*pi*x).*cos(3*pi*y)						
42	1000	4	@(x,y) (50*(y<=0.34) + 398*(y>0.34))	 18*pi^2*cos(3*pi*y).*sin(3*pi*x)	@(x,y) sin(3*pi*x).*cos(3*pi*y)						
43	1000	4	@(x,y) (0.1 * (x < 0.25)  + 1.3 * (x >= 0.25) .* (x <0.75)  +  10 * (x>= 0.75 ))	 18*pi^2*cos(3*pi*y).*sin(3*pi*x)	@(x,y) sin(3*pi*x).*cos(3*pi*y)						
44	1000	4	@(x,y) (1e9)	 18*pi^2*cos(3*pi*y).*sin(3*pi*x)	@(x,y) sin(3*pi*x).*cos(3*pi*y)						
45	3000	1	@(x,y) (5)	 18*pi^2*cos(3*pi*y).*sin(3*pi*x)	@(x,y) sin(3*pi*x).*cos(3*pi*y)						
46	3000	1	@(x,y) (0.03)	 18*pi^2*cos(3*pi*y).*sin(3*pi*x)	@(x,y) sin(3*pi*x).*cos(3*pi*y)						
47	3000	1	@(x,y) (25)	 18*pi^2*cos(3*pi*y).*sin(3*pi*x)	@(x,y) sin(3*pi*x).*cos(3*pi*y)						
48	3000	1	@(x,y) (1e-5) 	 18*pi^2*cos(3*pi*y).*sin(3*pi*x)	@(x,y) sin(3*pi*x).*cos(3*pi*y)						
49	3000	1	@(x,y) (7*1e2)	 18*pi^2*cos(3*pi*y).*sin(3*pi*x)	@(x,y) sin(3*pi*x).*cos(3*pi*y)						
50	3000	1	@(x,y) (0.01 * (x<0.5) + 150 * (x>=0.5))	 18*pi^2*cos(3*pi*y).*sin(3*pi*x)	@(x,y) sin(3*pi*x).*cos(3*pi*y)						
51	3000	1	@(x,y) (8e-4 * (y<0.5) + 5e-7* (y>=0.5))	 18*pi^2*cos(3*pi*y).*sin(3*pi*x)	@(x,y) sin(3*pi*x).*cos(3*pi*y)						
52	3000	1	@(x,y) (1.5 + 3.5 *(x>0.2))	 18*pi^2*cos(3*pi*y).*sin(3*pi*x)	@(x,y) sin(3*pi*x).*cos(3*pi*y)						
53	3000	1	@(x,y) (50*(y<=0.34) + 398*(y>0.34))	 18*pi^2*cos(3*pi*y).*sin(3*pi*x)	@(x,y) sin(3*pi*x).*cos(3*pi*y)						
54	3000	1	@(x,y) (0.1 * (x < 0.25)  + 1.3 * (x >= 0.25) .* (x <0.75)  +  10 * (x>= 0.75 ))	 18*pi^2*cos(3*pi*y).*sin(3*pi*x)	@(x,y) sin(3*pi*x).*cos(3*pi*y)						
55	3000	1	@(x,y) (1e9)	 18*pi^2*cos(3*pi*y).*sin(3*pi*x)	@(x,y) sin(3*pi*x).*cos(3*pi*y)						
56	3000	2	@(x,y) (5)	 18*pi^2*cos(3*pi*y).*sin(3*pi*x)	@(x,y) sin(3*pi*x).*cos(3*pi*y)						
57	3000	2	@(x,y) (0.03)	 18*pi^2*cos(3*pi*y).*sin(3*pi*x)	@(x,y) sin(3*pi*x).*cos(3*pi*y)						
58	3000	2	@(x,y) (25)	 18*pi^2*cos(3*pi*y).*sin(3*pi*x)	@(x,y) sin(3*pi*x).*cos(3*pi*y)						
59	3000	2	@(x,y) (1e-5) 	 18*pi^2*cos(3*pi*y).*sin(3*pi*x)	@(x,y) sin(3*pi*x).*cos(3*pi*y)						
60	3000	2	@(x,y) (7*1e2)	 18*pi^2*cos(3*pi*y).*sin(3*pi*x)	@(x,y) sin(3*pi*x).*cos(3*pi*y)						
61	3000	2	@(x,y) (0.01 * (x<0.5) + 150 * (x>=0.5))	 18*pi^2*cos(3*pi*y).*sin(3*pi*x)	@(x,y) sin(3*pi*x).*cos(3*pi*y)						
62	3000	2	@(x,y) (8e-4 * (y<0.5) + 5e-7* (y>=0.5))	 18*pi^2*cos(3*pi*y).*sin(3*pi*x)	@(x,y) sin(3*pi*x).*cos(3*pi*y)						
63	3000	2	@(x,y) (1.5 + 3.5 *(x>0.2))	 18*pi^2*cos(3*pi*y).*sin(3*pi*x)	@(x,y) sin(3*pi*x).*cos(3*pi*y)						
64	3000	2	@(x,y) (50*(y<=0.34) + 398*(y>0.34))	 18*pi^2*cos(3*pi*y).*sin(3*pi*x)	@(x,y) sin(3*pi*x).*cos(3*pi*y)						
65	3000	2	@(x,y) (0.1 * (x < 0.25)  + 1.3 * (x >= 0.25) .* (x <0.75)  +  10 * (x>= 0.75 ))	 18*pi^2*cos(3*pi*y).*sin(3*pi*x)	@(x,y) sin(3*pi*x).*cos(3*pi*y)						
66	3000	2	@(x,y) (1e9)	 18*pi^2*cos(3*pi*y).*sin(3*pi*x)	@(x,y) sin(3*pi*x).*cos(3*pi*y)						
67	3000	3	@(x,y) (5)	 18*pi^2*cos(3*pi*y).*sin(3*pi*x)	@(x,y) sin(3*pi*x).*cos(3*pi*y)						
68	3000	3	@(x,y) (0.03)	 18*pi^2*cos(3*pi*y).*sin(3*pi*x)	@(x,y) sin(3*pi*x).*cos(3*pi*y)						
69	3000	3	@(x,y) (25)	 18*pi^2*cos(3*pi*y).*sin(3*pi*x)	@(x,y) sin(3*pi*x).*cos(3*pi*y)						
70	3000	3	@(x,y) (1e-5) 	 18*pi^2*cos(3*pi*y).*sin(3*pi*x)	@(x,y) sin(3*pi*x).*cos(3*pi*y)						
71	3000	3	@(x,y) (7*1e2)	 18*pi^2*cos(3*pi*y).*sin(3*pi*x)	@(x,y) sin(3*pi*x).*cos(3*pi*y)						
72	3000	3	@(x,y) (0.01 * (x<0.5) + 150 * (x>=0.5))	 18*pi^2*cos(3*pi*y).*sin(3*pi*x)	@(x,y) sin(3*pi*x).*cos(3*pi*y)						
73	3000	3	@(x,y) (8e-4 * (y<0.5) + 5e-7* (y>=0.5))	 18*pi^2*cos(3*pi*y).*sin(3*pi*x)	@(x,y) sin(3*pi*x).*cos(3*pi*y)						
74	3000	3	@(x,y) (1.5 + 3.5 *(x>0.2))	 18*pi^2*cos(3*pi*y).*sin(3*pi*x)	@(x,y) sin(3*pi*x).*cos(3*pi*y)						
75	3000	3	@(x,y) (50*(y<=0.34) + 398*(y>0.34))	 18*pi^2*cos(3*pi*y).*sin(3*pi*x)	@(x,y) sin(3*pi*x).*cos(3*pi*y)						
76	3000	3	@(x,y) (0.1 * (x < 0.25)  + 1.3 * (x >= 0.25) .* (x <0.75)  +  10 * (x>= 0.75 ))	 18*pi^2*cos(3*pi*y).*sin(3*pi*x)	@(x,y) sin(3*pi*x).*cos(3*pi*y)						
77	3000	3	@(x,y) (1e9)	 18*pi^2*cos(3*pi*y).*sin(3*pi*x)	@(x,y) sin(3*pi*x).*cos(3*pi*y)						
78	3000	4	@(x,y) (5)	 18*pi^2*cos(3*pi*y).*sin(3*pi*x)	@(x,y) sin(3*pi*x).*cos(3*pi*y)						
79	3000	4	@(x,y) (0.03)	 18*pi^2*cos(3*pi*y).*sin(3*pi*x)	@(x,y) sin(3*pi*x).*cos(3*pi*y)						
80	3000	4	@(x,y) (25)	 18*pi^2*cos(3*pi*y).*sin(3*pi*x)	@(x,y) sin(3*pi*x).*cos(3*pi*y)						
81	3000	4	@(x,y) (1e-5) 	 18*pi^2*cos(3*pi*y).*sin(3*pi*x)	@(x,y) sin(3*pi*x).*cos(3*pi*y)						
82	3000	4	@(x,y) (7*1e2)	 18*pi^2*cos(3*pi*y).*sin(3*pi*x)	@(x,y) sin(3*pi*x).*cos(3*pi*y)						
83	3000	4	@(x,y) (0.01 * (x<0.5) + 150 * (x>=0.5))	 18*pi^2*cos(3*pi*y).*sin(3*pi*x)	@(x,y) sin(3*pi*x).*cos(3*pi*y)						
84	3000	4	@(x,y) (8e-4 * (y<0.5) + 5e-7* (y>=0.5))	 18*pi^2*cos(3*pi*y).*sin(3*pi*x)	@(x,y) sin(3*pi*x).*cos(3*pi*y)						
85	3000	4	@(x,y) (1.5 + 3.5 *(x>0.2))	 18*pi^2*cos(3*pi*y).*sin(3*pi*x)	@(x,y) sin(3*pi*x).*cos(3*pi*y)						
86	3000	4	@(x,y) (50*(y<=0.34) + 398*(y>0.34))	 18*pi^2*cos(3*pi*y).*sin(3*pi*x)	@(x,y) sin(3*pi*x).*cos(3*pi*y)						
87	3000	4	@(x,y) (0.1 * (x < 0.25)  + 1.3 * (x >= 0.25) .* (x <0.75)  +  10 * (x>= 0.75 ))	 18*pi^2*cos(3*pi*y).*sin(3*pi*x)	@(x,y) sin(3*pi*x).*cos(3*pi*y)						
88	3000	4	@(x,y) (1e9)	 18*pi^2*cos(3*pi*y).*sin(3*pi*x)	@(x,y) sin(3*pi*x).*cos(3*pi*y)						
89	5000	1	@(x,y) (5)	 18*pi^2*cos(3*pi*y).*sin(3*pi*x)	@(x,y) sin(3*pi*x).*cos(3*pi*y)						
90	5000	1	@(x,y) (0.03)	 18*pi^2*cos(3*pi*y).*sin(3*pi*x)	@(x,y) sin(3*pi*x).*cos(3*pi*y)						
91	5000	1	@(x,y) (25)	 18*pi^2*cos(3*pi*y).*sin(3*pi*x)	@(x,y) sin(3*pi*x).*cos(3*pi*y)						
92	5000	1	@(x,y) (1e-5) 	 18*pi^2*cos(3*pi*y).*sin(3*pi*x)	@(x,y) sin(3*pi*x).*cos(3*pi*y)						
93	5000	1	@(x,y) (7*1e2)	 18*pi^2*cos(3*pi*y).*sin(3*pi*x)	@(x,y) sin(3*pi*x).*cos(3*pi*y)						
94	5000	1	@(x,y) (0.01 * (x<0.5) + 150 * (x>=0.5))	 18*pi^2*cos(3*pi*y).*sin(3*pi*x)	@(x,y) sin(3*pi*x).*cos(3*pi*y)						
95	5000	1	@(x,y) (8e-4 * (y<0.5) + 5e-7* (y>=0.5))	 18*pi^2*cos(3*pi*y).*sin(3*pi*x)	@(x,y) sin(3*pi*x).*cos(3*pi*y)						
96	5000	1	@(x,y) (1.5 + 3.5 *(x>0.2))	 18*pi^2*cos(3*pi*y).*sin(3*pi*x)	@(x,y) sin(3*pi*x).*cos(3*pi*y)						
97	5000	1	@(x,y) (50*(y<=0.34) + 398*(y>0.34))	 18*pi^2*cos(3*pi*y).*sin(3*pi*x)	@(x,y) sin(3*pi*x).*cos(3*pi*y)						
98	5000	1	@(x,y) (0.1 * (x < 0.25)  + 1.3 * (x >= 0.25) .* (x <0.75)  +  10 * (x>= 0.75 ))	 18*pi^2*cos(3*pi*y).*sin(3*pi*x)	@(x,y) sin(3*pi*x).*cos(3*pi*y)						
99	5000	1	@(x,y) (1e9)	 18*pi^2*cos(3*pi*y).*sin(3*pi*x)	@(x,y) sin(3*pi*x).*cos(3*pi*y)						
100	5000	2	@(x,y) (5)	 18*pi^2*cos(3*pi*y).*sin(3*pi*x)	@(x,y) sin(3*pi*x).*cos(3*pi*y)						
101	5000	2	@(x,y) (0.03)	 18*pi^2*cos(3*pi*y).*sin(3*pi*x)	@(x,y) sin(3*pi*x).*cos(3*pi*y)						
102	5000	2	@(x,y) (25)	 18*pi^2*cos(3*pi*y).*sin(3*pi*x)	@(x,y) sin(3*pi*x).*cos(3*pi*y)						
103	5000	2	@(x,y) (1e-5) 	 18*pi^2*cos(3*pi*y).*sin(3*pi*x)	@(x,y) sin(3*pi*x).*cos(3*pi*y)						
104	5000	2	@(x,y) (7*1e2)	 18*pi^2*cos(3*pi*y).*sin(3*pi*x)	@(x,y) sin(3*pi*x).*cos(3*pi*y)						
105	5000	2	@(x,y) (0.01 * (x<0.5) + 150 * (x>=0.5))	 18*pi^2*cos(3*pi*y).*sin(3*pi*x)	@(x,y) sin(3*pi*x).*cos(3*pi*y)						
106	5000	2	@(x,y) (8e-4 * (y<0.5) + 5e-7* (y>=0.5))	 18*pi^2*cos(3*pi*y).*sin(3*pi*x)	@(x,y) sin(3*pi*x).*cos(3*pi*y)						
107	5000	2	@(x,y) (1.5 + 3.5 *(x>0.2))	 18*pi^2*cos(3*pi*y).*sin(3*pi*x)	@(x,y) sin(3*pi*x).*cos(3*pi*y)						
108	5000	2	@(x,y) (50*(y<=0.34) + 398*(y>0.34))	 18*pi^2*cos(3*pi*y).*sin(3*pi*x)	@(x,y) sin(3*pi*x).*cos(3*pi*y)						
109	5000	2	@(x,y) (0.1 * (x < 0.25)  + 1.3 * (x >= 0.25) .* (x <0.75)  +  10 * (x>= 0.75 ))	 18*pi^2*cos(3*pi*y).*sin(3*pi*x)	@(x,y) sin(3*pi*x).*cos(3*pi*y)						
110	5000	2	@(x,y) (1e9)	 18*pi^2*cos(3*pi*y).*sin(3*pi*x)	@(x,y) sin(3*pi*x).*cos(3*pi*y)						
111	5000	3	@(x,y) (5)	 18*pi^2*cos(3*pi*y).*sin(3*pi*x)	@(x,y) sin(3*pi*x).*cos(3*pi*y)						
112	5000	3	@(x,y) (0.03)	 18*pi^2*cos(3*pi*y).*sin(3*pi*x)	@(x,y) sin(3*pi*x).*cos(3*pi*y)						
113	5000	3	@(x,y) (25)	 18*pi^2*cos(3*pi*y).*sin(3*pi*x)	@(x,y) sin(3*pi*x).*cos(3*pi*y)						
114	5000	3	@(x,y) (1e-5) 	 18*pi^2*cos(3*pi*y).*sin(3*pi*x)	@(x,y) sin(3*pi*x).*cos(3*pi*y)						
115	5000	3	@(x,y) (7*1e2)	 18*pi^2*cos(3*pi*y).*sin(3*pi*x)	@(x,y) sin(3*pi*x).*cos(3*pi*y)						
116	5000	3	@(x,y) (0.01 * (x<0.5) + 150 * (x>=0.5))	 18*pi^2*cos(3*pi*y).*sin(3*pi*x)	@(x,y) sin(3*pi*x).*cos(3*pi*y)						
117	5000	3	@(x,y) (8e-4 * (y<0.5) + 5e-7* (y>=0.5))	 18*pi^2*cos(3*pi*y).*sin(3*pi*x)	@(x,y) sin(3*pi*x).*cos(3*pi*y)						
118	5000	3	@(x,y) (1.5 + 3.5 *(x>0.2))	 18*pi^2*cos(3*pi*y).*sin(3*pi*x)	@(x,y) sin(3*pi*x).*cos(3*pi*y)						
119	5000	3	@(x,y) (50*(y<=0.34) + 398*(y>0.34))	 18*pi^2*cos(3*pi*y).*sin(3*pi*x)	@(x,y) sin(3*pi*x).*cos(3*pi*y)						
120	5000	3	@(x,y) (0.1 * (x < 0.25)  + 1.3 * (x >= 0.25) .* (x <0.75)  +  10 * (x>= 0.75 ))	 18*pi^2*cos(3*pi*y).*sin(3*pi*x)	@(x,y) sin(3*pi*x).*cos(3*pi*y)						
121	5000	3	@(x,y) (1e9)	 18*pi^2*cos(3*pi*y).*sin(3*pi*x)	@(x,y) sin(3*pi*x).*cos(3*pi*y)						
122	5000	4	@(x,y) (5)	 18*pi^2*cos(3*pi*y).*sin(3*pi*x)	@(x,y) sin(3*pi*x).*cos(3*pi*y)						
123	5000	4	@(x,y) (0.03)	 18*pi^2*cos(3*pi*y).*sin(3*pi*x)	@(x,y) sin(3*pi*x).*cos(3*pi*y)						
124	5000	4	@(x,y) (25)	 18*pi^2*cos(3*pi*y).*sin(3*pi*x)	@(x,y) sin(3*pi*x).*cos(3*pi*y)						
125	5000	4	@(x,y) (1e-5) 	 18*pi^2*cos(3*pi*y).*sin(3*pi*x)	@(x,y) sin(3*pi*x).*cos(3*pi*y)						
126	5000	4	@(x,y) (7*1e2)	 18*pi^2*cos(3*pi*y).*sin(3*pi*x)	@(x,y) sin(3*pi*x).*cos(3*pi*y)						
127	5000	4	@(x,y) (0.01 * (x<0.5) + 150 * (x>=0.5))	 18*pi^2*cos(3*pi*y).*sin(3*pi*x)	@(x,y) sin(3*pi*x).*cos(3*pi*y)						
128	5000	4	@(x,y) (8e-4 * (y<0.5) + 5e-7* (y>=0.5))	 18*pi^2*cos(3*pi*y).*sin(3*pi*x)	@(x,y) sin(3*pi*x).*cos(3*pi*y)						
129	5000	4	@(x,y) (1.5 + 3.5 *(x>0.2))	 18*pi^2*cos(3*pi*y).*sin(3*pi*x)	@(x,y) sin(3*pi*x).*cos(3*pi*y)						
130	5000	4	@(x,y) (50*(y<=0.34) + 398*(y>0.34))	 18*pi^2*cos(3*pi*y).*sin(3*pi*x)	@(x,y) sin(3*pi*x).*cos(3*pi*y)						
131	5000	4	@(x,y) (0.1 * (x < 0.25)  + 1.3 * (x >= 0.25) .* (x <0.75)  +  10 * (x>= 0.75 ))	 18*pi^2*cos(3*pi*y).*sin(3*pi*x)	@(x,y) sin(3*pi*x).*cos(3*pi*y)						
132	5000	4	@(x,y) (1e9)	 18*pi^2*cos(3*pi*y).*sin(3*pi*x)	@(x,y) sin(3*pi*x).*cos(3*pi*y)						
133	7000	1	@(x,y) (5)	 18*pi^2*cos(3*pi*y).*sin(3*pi*x)	@(x,y) sin(3*pi*x).*cos(3*pi*y)						
134	7000	1	@(x,y) (0.03)	 18*pi^2*cos(3*pi*y).*sin(3*pi*x)	@(x,y) sin(3*pi*x).*cos(3*pi*y)						
135	7000	1	@(x,y) (25)	 18*pi^2*cos(3*pi*y).*sin(3*pi*x)	@(x,y) sin(3*pi*x).*cos(3*pi*y)						
136	7000	1	@(x,y) (1e-5) 	 18*pi^2*cos(3*pi*y).*sin(3*pi*x)	@(x,y) sin(3*pi*x).*cos(3*pi*y)						
137	7000	1	@(x,y) (7*1e2)	 18*pi^2*cos(3*pi*y).*sin(3*pi*x)	@(x,y) sin(3*pi*x).*cos(3*pi*y)						
138	7000	1	@(x,y) (0.01 * (x<0.5) + 150 * (x>=0.5))	 18*pi^2*cos(3*pi*y).*sin(3*pi*x)	@(x,y) sin(3*pi*x).*cos(3*pi*y)						
139	7000	1	@(x,y) (8e-4 * (y<0.5) + 5e-7* (y>=0.5))	 18*pi^2*cos(3*pi*y).*sin(3*pi*x)	@(x,y) sin(3*pi*x).*cos(3*pi*y)						
140	7000	1	@(x,y) (1.5 + 3.5 *(x>0.2))	 18*pi^2*cos(3*pi*y).*sin(3*pi*x)	@(x,y) sin(3*pi*x).*cos(3*pi*y)						
141	7000	1	@(x,y) (50*(y<=0.34) + 398*(y>0.34))	 18*pi^2*cos(3*pi*y).*sin(3*pi*x)	@(x,y) sin(3*pi*x).*cos(3*pi*y)						
142	7000	1	@(x,y) (0.1 * (x < 0.25)  + 1.3 * (x >= 0.25) .* (x <0.75)  +  10 * (x>= 0.75 ))	 18*pi^2*cos(3*pi*y).*sin(3*pi*x)	@(x,y) sin(3*pi*x).*cos(3*pi*y)						
143	7000	1	@(x,y) (1e9)	 18*pi^2*cos(3*pi*y).*sin(3*pi*x)	@(x,y) sin(3*pi*x).*cos(3*pi*y)						
144	7000	2	@(x,y) (5)	 18*pi^2*cos(3*pi*y).*sin(3*pi*x)	@(x,y) sin(3*pi*x).*cos(3*pi*y)						
145	7000	2	@(x,y) (0.03)	 18*pi^2*cos(3*pi*y).*sin(3*pi*x)	@(x,y) sin(3*pi*x).*cos(3*pi*y)						
146	7000	2	@(x,y) (25)	 18*pi^2*cos(3*pi*y).*sin(3*pi*x)	@(x,y) sin(3*pi*x).*cos(3*pi*y)						
147	7000	2	@(x,y) (1e-5) 	 18*pi^2*cos(3*pi*y).*sin(3*pi*x)	@(x,y) sin(3*pi*x).*cos(3*pi*y)						
148	7000	2	@(x,y) (7*1e2)	 18*pi^2*cos(3*pi*y).*sin(3*pi*x)	@(x,y) sin(3*pi*x).*cos(3*pi*y)						
149	7000	2	@(x,y) (0.01 * (x<0.5) + 150 * (x>=0.5))	 18*pi^2*cos(3*pi*y).*sin(3*pi*x)	@(x,y) sin(3*pi*x).*cos(3*pi*y)						
150	7000	2	@(x,y) (8e-4 * (y<0.5) + 5e-7* (y>=0.5))	 18*pi^2*cos(3*pi*y).*sin(3*pi*x)	@(x,y) sin(3*pi*x).*cos(3*pi*y)						
151	7000	2	@(x,y) (1.5 + 3.5 *(x>0.2))	 18*pi^2*cos(3*pi*y).*sin(3*pi*x)	@(x,y) sin(3*pi*x).*cos(3*pi*y)						
152	7000	2	@(x,y) (50*(y<=0.34) + 398*(y>0.34))	 18*pi^2*cos(3*pi*y).*sin(3*pi*x)	@(x,y) sin(3*pi*x).*cos(3*pi*y)						
153	7000	2	@(x,y) (0.1 * (x < 0.25)  + 1.3 * (x >= 0.25) .* (x <0.75)  +  10 * (x>= 0.75 ))	 18*pi^2*cos(3*pi*y).*sin(3*pi*x)	@(x,y) sin(3*pi*x).*cos(3*pi*y)						
154	7000	2	@(x,y) (1e9)	 18*pi^2*cos(3*pi*y).*sin(3*pi*x)	@(x,y) sin(3*pi*x).*cos(3*pi*y)						
155	7000	3	@(x,y) (5)	 18*pi^2*cos(3*pi*y).*sin(3*pi*x)	@(x,y) sin(3*pi*x).*cos(3*pi*y)						
156	7000	3	@(x,y) (0.03)	 18*pi^2*cos(3*pi*y).*sin(3*pi*x)	@(x,y) sin(3*pi*x).*cos(3*pi*y)						
157	7000	3	@(x,y) (25)	 18*pi^2*cos(3*pi*y).*sin(3*pi*x)	@(x,y) sin(3*pi*x).*cos(3*pi*y)						
158	7000	3	@(x,y) (1e-5) 	 18*pi^2*cos(3*pi*y).*sin(3*pi*x)	@(x,y) sin(3*pi*x).*cos(3*pi*y)						
159	7000	3	@(x,y) (7*1e2)	 18*pi^2*cos(3*pi*y).*sin(3*pi*x)	@(x,y) sin(3*pi*x).*cos(3*pi*y)						
160	7000	3	@(x,y) (0.01 * (x<0.5) + 150 * (x>=0.5))	 18*pi^2*cos(3*pi*y).*sin(3*pi*x)	@(x,y) sin(3*pi*x).*cos(3*pi*y)						
161	7000	3	@(x,y) (8e-4 * (y<0.5) + 5e-7* (y>=0.5))	 18*pi^2*cos(3*pi*y).*sin(3*pi*x)	@(x,y) sin(3*pi*x).*cos(3*pi*y)						
162	7000	3	@(x,y) (1.5 + 3.5 *(x>0.2))	 18*pi^2*cos(3*pi*y).*sin(3*pi*x)	@(x,y) sin(3*pi*x).*cos(3*pi*y)						
163	7000	3	@(x,y) (50*(y<=0.34) + 398*(y>0.34))	 18*pi^2*cos(3*pi*y).*sin(3*pi*x)	@(x,y) sin(3*pi*x).*cos(3*pi*y)						
164	7000	3	@(x,y) (0.1 * (x < 0.25)  + 1.3 * (x >= 0.25) .* (x <0.75)  +  10 * (x>= 0.75 ))	 18*pi^2*cos(3*pi*y).*sin(3*pi*x)	@(x,y) sin(3*pi*x).*cos(3*pi*y)						
165	7000	3	@(x,y) (1e9)	 18*pi^2*cos(3*pi*y).*sin(3*pi*x)	@(x,y) sin(3*pi*x).*cos(3*pi*y)						
166	7000	4	@(x,y) (5)	 18*pi^2*cos(3*pi*y).*sin(3*pi*x)	@(x,y) sin(3*pi*x).*cos(3*pi*y)						
167	7000	4	@(x,y) (0.03)	 18*pi^2*cos(3*pi*y).*sin(3*pi*x)	@(x,y) sin(3*pi*x).*cos(3*pi*y)						
168	7000	4	@(x,y) (25)	 18*pi^2*cos(3*pi*y).*sin(3*pi*x)	@(x,y) sin(3*pi*x).*cos(3*pi*y)						
169	7000	4	@(x,y) (1e-5) 	 18*pi^2*cos(3*pi*y).*sin(3*pi*x)	@(x,y) sin(3*pi*x).*cos(3*pi*y)						
170	7000	4	@(x,y) (7*1e2)	 18*pi^2*cos(3*pi*y).*sin(3*pi*x)	@(x,y) sin(3*pi*x).*cos(3*pi*y)						
171	7000	4	@(x,y) (0.01 * (x<0.5) + 150 * (x>=0.5))	 18*pi^2*cos(3*pi*y).*sin(3*pi*x)	@(x,y) sin(3*pi*x).*cos(3*pi*y)						
172	7000	4	@(x,y) (8e-4 * (y<0.5) + 5e-7* (y>=0.5))	 18*pi^2*cos(3*pi*y).*sin(3*pi*x)	@(x,y) sin(3*pi*x).*cos(3*pi*y)						
173	7000	4	@(x,y) (1.5 + 3.5 *(x>0.2))	 18*pi^2*cos(3*pi*y).*sin(3*pi*x)	@(x,y) sin(3*pi*x).*cos(3*pi*y)						
174	7000	4	@(x,y) (50*(y<=0.34) + 398*(y>0.34))	 18*pi^2*cos(3*pi*y).*sin(3*pi*x)	@(x,y) sin(3*pi*x).*cos(3*pi*y)						
175	7000	4	@(x,y) (0.1 * (x < 0.25)  + 1.3 * (x >= 0.25) .* (x <0.75)  +  10 * (x>= 0.75 ))	 18*pi^2*cos(3*pi*y).*sin(3*pi*x)	@(x,y) sin(3*pi*x).*cos(3*pi*y)						
176	7000	4	@(x,y) (1e9)	 18*pi^2*cos(3*pi*y).*sin(3*pi*x)	@(x,y) sin(3*pi*x).*cos(3*pi*y)						
177	9000	1	@(x,y) (5)	 18*pi^2*cos(3*pi*y).*sin(3*pi*x)	@(x,y) sin(3*pi*x).*cos(3*pi*y)						
178	9000	1	@(x,y) (0.03)	 18*pi^2*cos(3*pi*y).*sin(3*pi*x)	@(x,y) sin(3*pi*x).*cos(3*pi*y)						
179	9000	1	@(x,y) (25)	 18*pi^2*cos(3*pi*y).*sin(3*pi*x)	@(x,y) sin(3*pi*x).*cos(3*pi*y)						
180	9000	1	@(x,y) (1e-5) 	 18*pi^2*cos(3*pi*y).*sin(3*pi*x)	@(x,y) sin(3*pi*x).*cos(3*pi*y)						
181	9000	1	@(x,y) (7*1e2)	 18*pi^2*cos(3*pi*y).*sin(3*pi*x)	@(x,y) sin(3*pi*x).*cos(3*pi*y)						
182	9000	1	@(x,y) (0.01 * (x<0.5) + 150 * (x>=0.5))	 18*pi^2*cos(3*pi*y).*sin(3*pi*x)	@(x,y) sin(3*pi*x).*cos(3*pi*y)						
183	9000	1	@(x,y) (8e-4 * (y<0.5) + 5e-7* (y>=0.5))	 18*pi^2*cos(3*pi*y).*sin(3*pi*x)	@(x,y) sin(3*pi*x).*cos(3*pi*y)						
184	9000	1	@(x,y) (1.5 + 3.5 *(x>0.2))	 18*pi^2*cos(3*pi*y).*sin(3*pi*x)	@(x,y) sin(3*pi*x).*cos(3*pi*y)						
185	9000	1	@(x,y) (50*(y<=0.34) + 398*(y>0.34))	 18*pi^2*cos(3*pi*y).*sin(3*pi*x)	@(x,y) sin(3*pi*x).*cos(3*pi*y)						
186	9000	1	@(x,y) (0.1 * (x < 0.25)  + 1.3 * (x >= 0.25) .* (x <0.75)  +  10 * (x>= 0.75 ))	 18*pi^2*cos(3*pi*y).*sin(3*pi*x)	@(x,y) sin(3*pi*x).*cos(3*pi*y)						
187	9000	1	@(x,y) (1e9)	 18*pi^2*cos(3*pi*y).*sin(3*pi*x)	@(x,y) sin(3*pi*x).*cos(3*pi*y)						
188	9000	2	@(x,y) (5)	 18*pi^2*cos(3*pi*y).*sin(3*pi*x)	@(x,y) sin(3*pi*x).*cos(3*pi*y)						
189	9000	2	@(x,y) (0.03)	 18*pi^2*cos(3*pi*y).*sin(3*pi*x)	@(x,y) sin(3*pi*x).*cos(3*pi*y)						
190	9000	2	@(x,y) (25)	 18*pi^2*cos(3*pi*y).*sin(3*pi*x)	@(x,y) sin(3*pi*x).*cos(3*pi*y)						
191	9000	2	@(x,y) (1e-5) 	 18*pi^2*cos(3*pi*y).*sin(3*pi*x)	@(x,y) sin(3*pi*x).*cos(3*pi*y)						
192	9000	2	@(x,y) (7*1e2)	 18*pi^2*cos(3*pi*y).*sin(3*pi*x)	@(x,y) sin(3*pi*x).*cos(3*pi*y)						
193	9000	2	@(x,y) (0.01 * (x<0.5) + 150 * (x>=0.5))	 18*pi^2*cos(3*pi*y).*sin(3*pi*x)	@(x,y) sin(3*pi*x).*cos(3*pi*y)						
194	9000	2	@(x,y) (8e-4 * (y<0.5) + 5e-7* (y>=0.5))	 18*pi^2*cos(3*pi*y).*sin(3*pi*x)	@(x,y) sin(3*pi*x).*cos(3*pi*y)						
195	9000	2	@(x,y) (1.5 + 3.5 *(x>0.2))	 18*pi^2*cos(3*pi*y).*sin(3*pi*x)	@(x,y) sin(3*pi*x).*cos(3*pi*y)						
196	9000	2	@(x,y) (50*(y<=0.34) + 398*(y>0.34))	 18*pi^2*cos(3*pi*y).*sin(3*pi*x)	@(x,y) sin(3*pi*x).*cos(3*pi*y)						
197	9000	2	@(x,y) (0.1 * (x < 0.25)  + 1.3 * (x >= 0.25) .* (x <0.75)  +  10 * (x>= 0.75 ))	 18*pi^2*cos(3*pi*y).*sin(3*pi*x)	@(x,y) sin(3*pi*x).*cos(3*pi*y)						
198	9000	2	@(x,y) (1e9)	 18*pi^2*cos(3*pi*y).*sin(3*pi*x)	@(x,y) sin(3*pi*x).*cos(3*pi*y)						
199	9000	3	@(x,y) (5)	 18*pi^2*cos(3*pi*y).*sin(3*pi*x)	@(x,y) sin(3*pi*x).*cos(3*pi*y)						
200	9000	3	@(x,y) (0.03)	 18*pi^2*cos(3*pi*y).*sin(3*pi*x)	@(x,y) sin(3*pi*x).*cos(3*pi*y)						
201	9000	3	@(x,y) (25)	 18*pi^2*cos(3*pi*y).*sin(3*pi*x)	@(x,y) sin(3*pi*x).*cos(3*pi*y)						
202	9000	3	@(x,y) (1e-5) 	 18*pi^2*cos(3*pi*y).*sin(3*pi*x)	@(x,y) sin(3*pi*x).*cos(3*pi*y)						
203	9000	3	@(x,y) (7*1e2)	 18*pi^2*cos(3*pi*y).*sin(3*pi*x)	@(x,y) sin(3*pi*x).*cos(3*pi*y)						
204	9000	3	@(x,y) (0.01 * (x<0.5) + 150 * (x>=0.5))	 18*pi^2*cos(3*pi*y).*sin(3*pi*x)	@(x,y) sin(3*pi*x).*cos(3*pi*y)						
205	9000	3	@(x,y) (8e-4 * (y<0.5) + 5e-7* (y>=0.5))	 18*pi^2*cos(3*pi*y).*sin(3*pi*x)	@(x,y) sin(3*pi*x).*cos(3*pi*y)						
206	9000	3	@(x,y) (1.5 + 3.5 *(x>0.2))	 18*pi^2*cos(3*pi*y).*sin(3*pi*x)	@(x,y) sin(3*pi*x).*cos(3*pi*y)						
207	9000	3	@(x,y) (50*(y<=0.34) + 398*(y>0.34))	 18*pi^2*cos(3*pi*y).*sin(3*pi*x)	@(x,y) sin(3*pi*x).*cos(3*pi*y)						
208	9000	3	@(x,y) (0.1 * (x < 0.25)  + 1.3 * (x >= 0.25) .* (x <0.75)  +  10 * (x>= 0.75 ))	 18*pi^2*cos(3*pi*y).*sin(3*pi*x)	@(x,y) sin(3*pi*x).*cos(3*pi*y)						
209	9000	3	@(x,y) (1e9)	 18*pi^2*cos(3*pi*y).*sin(3*pi*x)	@(x,y) sin(3*pi*x).*cos(3*pi*y)						
210	9000	4	@(x,y) (5)	 18*pi^2*cos(3*pi*y).*sin(3*pi*x)	@(x,y) sin(3*pi*x).*cos(3*pi*y)						
211	9000	4	@(x,y) (0.03)	 18*pi^2*cos(3*pi*y).*sin(3*pi*x)	@(x,y) sin(3*pi*x).*cos(3*pi*y)						
212	9000	4	@(x,y) (25)	 18*pi^2*cos(3*pi*y).*sin(3*pi*x)	@(x,y) sin(3*pi*x).*cos(3*pi*y)						
213	9000	4	@(x,y) (1e-5) 	 18*pi^2*cos(3*pi*y).*sin(3*pi*x)	@(x,y) sin(3*pi*x).*cos(3*pi*y)						
214	9000	4	@(x,y) (7*1e2)	 18*pi^2*cos(3*pi*y).*sin(3*pi*x)	@(x,y) sin(3*pi*x).*cos(3*pi*y)						
215	9000	4	@(x,y) (0.01 * (x<0.5) + 150 * (x>=0.5))	 18*pi^2*cos(3*pi*y).*sin(3*pi*x)	@(x,y) sin(3*pi*x).*cos(3*pi*y)						
216	9000	4	@(x,y) (8e-4 * (y<0.5) + 5e-7* (y>=0.5))	 18*pi^2*cos(3*pi*y).*sin(3*pi*x)	@(x,y) sin(3*pi*x).*cos(3*pi*y)						
217	9000	4	@(x,y) (1.5 + 3.5 *(x>0.2))	 18*pi^2*cos(3*pi*y).*sin(3*pi*x)	@(x,y) sin(3*pi*x).*cos(3*pi*y)						
218	9000	4	@(x,y) (50*(y<=0.34) + 398*(y>0.34))	 18*pi^2*cos(3*pi*y).*sin(3*pi*x)	@(x,y) sin(3*pi*x).*cos(3*pi*y)						
219	9000	4	@(x,y) (0.1 * (x < 0.25)  + 1.3 * (x >= 0.25) .* (x <0.75)  +  10 * (x>= 0.75 ))	 18*pi^2*cos(3*pi*y).*sin(3*pi*x)	@(x,y) sin(3*pi*x).*cos(3*pi*y)						
220	9000	4	@(x,y) (1e9)	 18*pi^2*cos(3*pi*y).*sin(3*pi*x)	@(x,y) sin(3*pi*x).*cos(3*pi*y)						
221	11000	1	@(x,y) (5)	 18*pi^2*cos(3*pi*y).*sin(3*pi*x)	@(x,y) sin(3*pi*x).*cos(3*pi*y)						
222	11000	1	@(x,y) (0.03)	 18*pi^2*cos(3*pi*y).*sin(3*pi*x)	@(x,y) sin(3*pi*x).*cos(3*pi*y)						
223	11000	1	@(x,y) (25)	 18*pi^2*cos(3*pi*y).*sin(3*pi*x)	@(x,y) sin(3*pi*x).*cos(3*pi*y)						
224	11000	1	@(x,y) (1e-5) 	 18*pi^2*cos(3*pi*y).*sin(3*pi*x)	@(x,y) sin(3*pi*x).*cos(3*pi*y)						
225	11000	1	@(x,y) (7*1e2)	 18*pi^2*cos(3*pi*y).*sin(3*pi*x)	@(x,y) sin(3*pi*x).*cos(3*pi*y)						
226	11000	1	@(x,y) (0.01 * (x<0.5) + 150 * (x>=0.5))	 18*pi^2*cos(3*pi*y).*sin(3*pi*x)	@(x,y) sin(3*pi*x).*cos(3*pi*y)						
227	11000	1	@(x,y) (8e-4 * (y<0.5) + 5e-7* (y>=0.5))	 18*pi^2*cos(3*pi*y).*sin(3*pi*x)	@(x,y) sin(3*pi*x).*cos(3*pi*y)						
228	11000	1	@(x,y) (1.5 + 3.5 *(x>0.2))	 18*pi^2*cos(3*pi*y).*sin(3*pi*x)	@(x,y) sin(3*pi*x).*cos(3*pi*y)						
229	11000	1	@(x,y) (50*(y<=0.34) + 398*(y>0.34))	 18*pi^2*cos(3*pi*y).*sin(3*pi*x)	@(x,y) sin(3*pi*x).*cos(3*pi*y)						
230	11000	1	@(x,y) (0.1 * (x < 0.25)  + 1.3 * (x >= 0.25) .* (x <0.75)  +  10 * (x>= 0.75 ))	 18*pi^2*cos(3*pi*y).*sin(3*pi*x)	@(x,y) sin(3*pi*x).*cos(3*pi*y)						
231	11000	1	@(x,y) (1e9)	 18*pi^2*cos(3*pi*y).*sin(3*pi*x)	@(x,y) sin(3*pi*x).*cos(3*pi*y)						
232	11000	2	@(x,y) (5)	 18*pi^2*cos(3*pi*y).*sin(3*pi*x)	@(x,y) sin(3*pi*x).*cos(3*pi*y)						
233	11000	2	@(x,y) (0.03)	 18*pi^2*cos(3*pi*y).*sin(3*pi*x)	@(x,y) sin(3*pi*x).*cos(3*pi*y)						
234	11000	2	@(x,y) (25)	 18*pi^2*cos(3*pi*y).*sin(3*pi*x)	@(x,y) sin(3*pi*x).*cos(3*pi*y)						
235	11000	2	@(x,y) (1e-5) 	 18*pi^2*cos(3*pi*y).*sin(3*pi*x)	@(x,y) sin(3*pi*x).*cos(3*pi*y)						
236	11000	2	@(x,y) (7*1e2)	 18*pi^2*cos(3*pi*y).*sin(3*pi*x)	@(x,y) sin(3*pi*x).*cos(3*pi*y)						
237	11000	2	@(x,y) (0.01 * (x<0.5) + 150 * (x>=0.5))	 18*pi^2*cos(3*pi*y).*sin(3*pi*x)	@(x,y) sin(3*pi*x).*cos(3*pi*y)						
238	11000	2	@(x,y) (8e-4 * (y<0.5) + 5e-7* (y>=0.5))	 18*pi^2*cos(3*pi*y).*sin(3*pi*x)	@(x,y) sin(3*pi*x).*cos(3*pi*y)						
239	11000	2	@(x,y) (1.5 + 3.5 *(x>0.2))	 18*pi^2*cos(3*pi*y).*sin(3*pi*x)	@(x,y) sin(3*pi*x).*cos(3*pi*y)						
240	11000	2	@(x,y) (50*(y<=0.34) + 398*(y>0.34))	 18*pi^2*cos(3*pi*y).*sin(3*pi*x)	@(x,y) sin(3*pi*x).*cos(3*pi*y)						
241	11000	2	@(x,y) (0.1 * (x < 0.25)  + 1.3 * (x >= 0.25) .* (x <0.75)  +  10 * (x>= 0.75 ))	 18*pi^2*cos(3*pi*y).*sin(3*pi*x)	@(x,y) sin(3*pi*x).*cos(3*pi*y)						
242	11000	2	@(x,y) (1e9)	 18*pi^2*cos(3*pi*y).*sin(3*pi*x)	@(x,y) sin(3*pi*x).*cos(3*pi*y)						
243	11000	3	@(x,y) (5)	 18*pi^2*cos(3*pi*y).*sin(3*pi*x)	@(x,y) sin(3*pi*x).*cos(3*pi*y)						
244	11000	3	@(x,y) (0.03)	 18*pi^2*cos(3*pi*y).*sin(3*pi*x)	@(x,y) sin(3*pi*x).*cos(3*pi*y)						
245	11000	3	@(x,y) (25)	 18*pi^2*cos(3*pi*y).*sin(3*pi*x)	@(x,y) sin(3*pi*x).*cos(3*pi*y)						
246	11000	3	@(x,y) (1e-5) 	 18*pi^2*cos(3*pi*y).*sin(3*pi*x)	@(x,y) sin(3*pi*x).*cos(3*pi*y)						
247	11000	3	@(x,y) (7*1e2)	 18*pi^2*cos(3*pi*y).*sin(3*pi*x)	@(x,y) sin(3*pi*x).*cos(3*pi*y)						
248	11000	3	@(x,y) (0.01 * (x<0.5) + 150 * (x>=0.5))	 18*pi^2*cos(3*pi*y).*sin(3*pi*x)	@(x,y) sin(3*pi*x).*cos(3*pi*y)						
249	11000	3	@(x,y) (8e-4 * (y<0.5) + 5e-7* (y>=0.5))	 18*pi^2*cos(3*pi*y).*sin(3*pi*x)	@(x,y) sin(3*pi*x).*cos(3*pi*y)						
250	11000	3	@(x,y) (1.5 + 3.5 *(x>0.2))	 18*pi^2*cos(3*pi*y).*sin(3*pi*x)	@(x,y) sin(3*pi*x).*cos(3*pi*y)						
251	11000	3	@(x,y) (50*(y<=0.34) + 398*(y>0.34))	 18*pi^2*cos(3*pi*y).*sin(3*pi*x)	@(x,y) sin(3*pi*x).*cos(3*pi*y)						
252	11000	3	@(x,y) (0.1 * (x < 0.25)  + 1.3 * (x >= 0.25) .* (x <0.75)  +  10 * (x>= 0.75 ))	 18*pi^2*cos(3*pi*y).*sin(3*pi*x)	@(x,y) sin(3*pi*x).*cos(3*pi*y)						
253	11000	3	@(x,y) (1e9)	 18*pi^2*cos(3*pi*y).*sin(3*pi*x)	@(x,y) sin(3*pi*x).*cos(3*pi*y)						
254	11000	4	@(x,y) (5)	 18*pi^2*cos(3*pi*y).*sin(3*pi*x)	@(x,y) sin(3*pi*x).*cos(3*pi*y)						
255	11000	4	@(x,y) (0.03)	 18*pi^2*cos(3*pi*y).*sin(3*pi*x)	@(x,y) sin(3*pi*x).*cos(3*pi*y)						
256	11000	4	@(x,y) (25)	 18*pi^2*cos(3*pi*y).*sin(3*pi*x)	@(x,y) sin(3*pi*x).*cos(3*pi*y)						
257	11000	4	@(x,y) (1e-5) 	 18*pi^2*cos(3*pi*y).*sin(3*pi*x)	@(x,y) sin(3*pi*x).*cos(3*pi*y)						
258	11000	4	@(x,y) (7*1e2)	 18*pi^2*cos(3*pi*y).*sin(3*pi*x)	@(x,y) sin(3*pi*x).*cos(3*pi*y)						
259	11000	4	@(x,y) (0.01 * (x<0.5) + 150 * (x>=0.5))	 18*pi^2*cos(3*pi*y).*sin(3*pi*x)	@(x,y) sin(3*pi*x).*cos(3*pi*y)						
260	11000	4	@(x,y) (8e-4 * (y<0.5) + 5e-7* (y>=0.5))	 18*pi^2*cos(3*pi*y).*sin(3*pi*x)	@(x,y) sin(3*pi*x).*cos(3*pi*y)						
261	11000	4	@(x,y) (1.5 + 3.5 *(x>0.2))	 18*pi^2*cos(3*pi*y).*sin(3*pi*x)	@(x,y) sin(3*pi*x).*cos(3*pi*y)						
262	11000	4	@(x,y) (50*(y<=0.34) + 398*(y>0.34))	 18*pi^2*cos(3*pi*y).*sin(3*pi*x)	@(x,y) sin(3*pi*x).*cos(3*pi*y)						
263	11000	4	@(x,y) (0.1 * (x < 0.25)  + 1.3 * (x >= 0.25) .* (x <0.75)  +  10 * (x>= 0.75 ))	 18*pi^2*cos(3*pi*y).*sin(3*pi*x)	@(x,y) sin(3*pi*x).*cos(3*pi*y)						
264	11000	4	@(x,y) (1e9)	 18*pi^2*cos(3*pi*y).*sin(3*pi*x)	@(x,y) sin(3*pi*x).*cos(3*pi*y)						
265	13000	1	@(x,y) (5)	 18*pi^2*cos(3*pi*y).*sin(3*pi*x)	@(x,y) sin(3*pi*x).*cos(3*pi*y)						
266	13000	1	@(x,y) (0.03)	 18*pi^2*cos(3*pi*y).*sin(3*pi*x)	@(x,y) sin(3*pi*x).*cos(3*pi*y)						
267	13000	1	@(x,y) (25)	 18*pi^2*cos(3*pi*y).*sin(3*pi*x)	@(x,y) sin(3*pi*x).*cos(3*pi*y)						
268	13000	1	@(x,y) (1e-5) 	 18*pi^2*cos(3*pi*y).*sin(3*pi*x)	@(x,y) sin(3*pi*x).*cos(3*pi*y)						
269	13000	1	@(x,y) (7*1e2)	 18*pi^2*cos(3*pi*y).*sin(3*pi*x)	@(x,y) sin(3*pi*x).*cos(3*pi*y)						
270	13000	1	@(x,y) (0.01 * (x<0.5) + 150 * (x>=0.5))	 18*pi^2*cos(3*pi*y).*sin(3*pi*x)	@(x,y) sin(3*pi*x).*cos(3*pi*y)						
271	13000	1	@(x,y) (8e-4 * (y<0.5) + 5e-7* (y>=0.5))	 18*pi^2*cos(3*pi*y).*sin(3*pi*x)	@(x,y) sin(3*pi*x).*cos(3*pi*y)						
272	13000	1	@(x,y) (1.5 + 3.5 *(x>0.2))	 18*pi^2*cos(3*pi*y).*sin(3*pi*x)	@(x,y) sin(3*pi*x).*cos(3*pi*y)						
273	13000	1	@(x,y) (50*(y<=0.34) + 398*(y>0.34))	 18*pi^2*cos(3*pi*y).*sin(3*pi*x)	@(x,y) sin(3*pi*x).*cos(3*pi*y)						
274	13000	1	@(x,y) (0.1 * (x < 0.25)  + 1.3 * (x >= 0.25) .* (x <0.75)  +  10 * (x>= 0.75 ))	 18*pi^2*cos(3*pi*y).*sin(3*pi*x)	@(x,y) sin(3*pi*x).*cos(3*pi*y)						
275	13000	1	@(x,y) (1e9)	 18*pi^2*cos(3*pi*y).*sin(3*pi*x)	@(x,y) sin(3*pi*x).*cos(3*pi*y)						
276	13000	2	@(x,y) (5)	 18*pi^2*cos(3*pi*y).*sin(3*pi*x)	@(x,y) sin(3*pi*x).*cos(3*pi*y)						
277	13000	2	@(x,y) (0.03)	 18*pi^2*cos(3*pi*y).*sin(3*pi*x)	@(x,y) sin(3*pi*x).*cos(3*pi*y)						
278	13000	2	@(x,y) (25)	 18*pi^2*cos(3*pi*y).*sin(3*pi*x)	@(x,y) sin(3*pi*x).*cos(3*pi*y)						
279	13000	2	@(x,y) (1e-5) 	 18*pi^2*cos(3*pi*y).*sin(3*pi*x)	@(x,y) sin(3*pi*x).*cos(3*pi*y)						
280	13000	2	@(x,y) (7*1e2)	 18*pi^2*cos(3*pi*y).*sin(3*pi*x)	@(x,y) sin(3*pi*x).*cos(3*pi*y)						
281	13000	2	@(x,y) (0.01 * (x<0.5) + 150 * (x>=0.5))	 18*pi^2*cos(3*pi*y).*sin(3*pi*x)	@(x,y) sin(3*pi*x).*cos(3*pi*y)						
282	13000	2	@(x,y) (8e-4 * (y<0.5) + 5e-7* (y>=0.5))	 18*pi^2*cos(3*pi*y).*sin(3*pi*x)	@(x,y) sin(3*pi*x).*cos(3*pi*y)						
283	13000	2	@(x,y) (1.5 + 3.5 *(x>0.2))	 18*pi^2*cos(3*pi*y).*sin(3*pi*x)	@(x,y) sin(3*pi*x).*cos(3*pi*y)						
284	13000	2	@(x,y) (50*(y<=0.34) + 398*(y>0.34))	 18*pi^2*cos(3*pi*y).*sin(3*pi*x)	@(x,y) sin(3*pi*x).*cos(3*pi*y)						
285	13000	2	@(x,y) (0.1 * (x < 0.25)  + 1.3 * (x >= 0.25) .* (x <0.75)  +  10 * (x>= 0.75 ))	 18*pi^2*cos(3*pi*y).*sin(3*pi*x)	@(x,y) sin(3*pi*x).*cos(3*pi*y)						
286	13000	2	@(x,y) (1e9)	 18*pi^2*cos(3*pi*y).*sin(3*pi*x)	@(x,y) sin(3*pi*x).*cos(3*pi*y)						
287	13000	3	@(x,y) (5)	 18*pi^2*cos(3*pi*y).*sin(3*pi*x)	@(x,y) sin(3*pi*x).*cos(3*pi*y)						
288	13000	3	@(x,y) (0.03)	 18*pi^2*cos(3*pi*y).*sin(3*pi*x)	@(x,y) sin(3*pi*x).*cos(3*pi*y)						
289	13000	3	@(x,y) (25)	 18*pi^2*cos(3*pi*y).*sin(3*pi*x)	@(x,y) sin(3*pi*x).*cos(3*pi*y)						
290	13000	3	@(x,y) (1e-5) 	 18*pi^2*cos(3*pi*y).*sin(3*pi*x)	@(x,y) sin(3*pi*x).*cos(3*pi*y)						
291	13000	3	@(x,y) (7*1e2)	 18*pi^2*cos(3*pi*y).*sin(3*pi*x)	@(x,y) sin(3*pi*x).*cos(3*pi*y)						
292	13000	3	@(x,y) (0.01 * (x<0.5) + 150 * (x>=0.5))	 18*pi^2*cos(3*pi*y).*sin(3*pi*x)	@(x,y) sin(3*pi*x).*cos(3*pi*y)						
293	13000	3	@(x,y) (8e-4 * (y<0.5) + 5e-7* (y>=0.5))	 18*pi^2*cos(3*pi*y).*sin(3*pi*x)	@(x,y) sin(3*pi*x).*cos(3*pi*y)						
294	13000	3	@(x,y) (1.5 + 3.5 *(x>0.2))	 18*pi^2*cos(3*pi*y).*sin(3*pi*x)	@(x,y) sin(3*pi*x).*cos(3*pi*y)						
295	13000	3	@(x,y) (50*(y<=0.34) + 398*(y>0.34))	 18*pi^2*cos(3*pi*y).*sin(3*pi*x)	@(x,y) sin(3*pi*x).*cos(3*pi*y)						
296	13000	3	@(x,y) (0.1 * (x < 0.25)  + 1.3 * (x >= 0.25) .* (x <0.75)  +  10 * (x>= 0.75 ))	 18*pi^2*cos(3*pi*y).*sin(3*pi*x)	@(x,y) sin(3*pi*x).*cos(3*pi*y)						
297	13000	3	@(x,y) (1e9)	 18*pi^2*cos(3*pi*y).*sin(3*pi*x)	@(x,y) sin(3*pi*x).*cos(3*pi*y)						
298	13000	4	@(x,y) (5)	 18*pi^2*cos(3*pi*y).*sin(3*pi*x)	@(x,y) sin(3*pi*x).*cos(3*pi*y)						
299	13000	4	@(x,y) (0.03)	 18*pi^2*cos(3*pi*y).*sin(3*pi*x)	@(x,y) sin(3*pi*x).*cos(3*pi*y)						
300	13000	4	@(x,y) (25)	 18*pi^2*cos(3*pi*y).*sin(3*pi*x)	@(x,y) sin(3*pi*x).*cos(3*pi*y)						
301	13000	4	@(x,y) (1e-5) 	 18*pi^2*cos(3*pi*y).*sin(3*pi*x)	@(x,y) sin(3*pi*x).*cos(3*pi*y)						
302	13000	4	@(x,y) (7*1e2)	 18*pi^2*cos(3*pi*y).*sin(3*pi*x)	@(x,y) sin(3*pi*x).*cos(3*pi*y)						
303	13000	4	@(x,y) (0.01 * (x<0.5) + 150 * (x>=0.5))	 18*pi^2*cos(3*pi*y).*sin(3*pi*x)	@(x,y) sin(3*pi*x).*cos(3*pi*y)						
304	13000	4	@(x,y) (8e-4 * (y<0.5) + 5e-7* (y>=0.5))	 18*pi^2*cos(3*pi*y).*sin(3*pi*x)	@(x,y) sin(3*pi*x).*cos(3*pi*y)						
305	13000	4	@(x,y) (1.5 + 3.5 *(x>0.2))	 18*pi^2*cos(3*pi*y).*sin(3*pi*x)	@(x,y) sin(3*pi*x).*cos(3*pi*y)						
306	13000	4	@(x,y) (50*(y<=0.34) + 398*(y>0.34))	 18*pi^2*cos(3*pi*y).*sin(3*pi*x)	@(x,y) sin(3*pi*x).*cos(3*pi*y)						
307	13000	4	@(x,y) (0.1 * (x < 0.25)  + 1.3 * (x >= 0.25) .* (x <0.75)  +  10 * (x>= 0.75 ))	 18*pi^2*cos(3*pi*y).*sin(3*pi*x)	@(x,y) sin(3*pi*x).*cos(3*pi*y)						
308	13000	4	@(x,y) (1e9)	 18*pi^2*cos(3*pi*y).*sin(3*pi*x)	@(x,y) sin(3*pi*x).*cos(3*pi*y)						
309	15000	1	@(x,y) (5)	 18*pi^2*cos(3*pi*y).*sin(3*pi*x)	@(x,y) sin(3*pi*x).*cos(3*pi*y)						
310	15000	1	@(x,y) (0.03)	 18*pi^2*cos(3*pi*y).*sin(3*pi*x)	@(x,y) sin(3*pi*x).*cos(3*pi*y)						
311	15000	1	@(x,y) (25)	 18*pi^2*cos(3*pi*y).*sin(3*pi*x)	@(x,y) sin(3*pi*x).*cos(3*pi*y)						
312	15000	1	@(x,y) (1e-5) 	 18*pi^2*cos(3*pi*y).*sin(3*pi*x)	@(x,y) sin(3*pi*x).*cos(3*pi*y)						
313	15000	1	@(x,y) (7*1e2)	 18*pi^2*cos(3*pi*y).*sin(3*pi*x)	@(x,y) sin(3*pi*x).*cos(3*pi*y)						
314	15000	1	@(x,y) (0.01 * (x<0.5) + 150 * (x>=0.5))	 18*pi^2*cos(3*pi*y).*sin(3*pi*x)	@(x,y) sin(3*pi*x).*cos(3*pi*y)						
315	15000	1	@(x,y) (8e-4 * (y<0.5) + 5e-7* (y>=0.5))	 18*pi^2*cos(3*pi*y).*sin(3*pi*x)	@(x,y) sin(3*pi*x).*cos(3*pi*y)						
316	15000	1	@(x,y) (1.5 + 3.5 *(x>0.2))	 18*pi^2*cos(3*pi*y).*sin(3*pi*x)	@(x,y) sin(3*pi*x).*cos(3*pi*y)						
317	15000	1	@(x,y) (50*(y<=0.34) + 398*(y>0.34))	 18*pi^2*cos(3*pi*y).*sin(3*pi*x)	@(x,y) sin(3*pi*x).*cos(3*pi*y)						
318	15000	1	@(x,y) (0.1 * (x < 0.25)  + 1.3 * (x >= 0.25) .* (x <0.75)  +  10 * (x>= 0.75 ))	 18*pi^2*cos(3*pi*y).*sin(3*pi*x)	@(x,y) sin(3*pi*x).*cos(3*pi*y)						
319	15000	1	@(x,y) (1e9)	 18*pi^2*cos(3*pi*y).*sin(3*pi*x)	@(x,y) sin(3*pi*x).*cos(3*pi*y)						
320	15000	2	@(x,y) (5)	 18*pi^2*cos(3*pi*y).*sin(3*pi*x)	@(x,y) sin(3*pi*x).*cos(3*pi*y)						
321	15000	2	@(x,y) (0.03)	 18*pi^2*cos(3*pi*y).*sin(3*pi*x)	@(x,y) sin(3*pi*x).*cos(3*pi*y)						
322	15000	2	@(x,y) (25)	 18*pi^2*cos(3*pi*y).*sin(3*pi*x)	@(x,y) sin(3*pi*x).*cos(3*pi*y)						
323	15000	2	@(x,y) (1e-5) 	 18*pi^2*cos(3*pi*y).*sin(3*pi*x)	@(x,y) sin(3*pi*x).*cos(3*pi*y)						
324	15000	2	@(x,y) (7*1e2)	 18*pi^2*cos(3*pi*y).*sin(3*pi*x)	@(x,y) sin(3*pi*x).*cos(3*pi*y)						
325	15000	2	@(x,y) (0.01 * (x<0.5) + 150 * (x>=0.5))	 18*pi^2*cos(3*pi*y).*sin(3*pi*x)	@(x,y) sin(3*pi*x).*cos(3*pi*y)						
326	15000	2	@(x,y) (8e-4 * (y<0.5) + 5e-7* (y>=0.5))	 18*pi^2*cos(3*pi*y).*sin(3*pi*x)	@(x,y) sin(3*pi*x).*cos(3*pi*y)						
327	15000	2	@(x,y) (1.5 + 3.5 *(x>0.2))	 18*pi^2*cos(3*pi*y).*sin(3*pi*x)	@(x,y) sin(3*pi*x).*cos(3*pi*y)						
328	15000	2	@(x,y) (50*(y<=0.34) + 398*(y>0.34))	 18*pi^2*cos(3*pi*y).*sin(3*pi*x)	@(x,y) sin(3*pi*x).*cos(3*pi*y)						
329	15000	2	@(x,y) (0.1 * (x < 0.25)  + 1.3 * (x >= 0.25) .* (x <0.75)  +  10 * (x>= 0.75 ))	 18*pi^2*cos(3*pi*y).*sin(3*pi*x)	@(x,y) sin(3*pi*x).*cos(3*pi*y)						
330	15000	2	@(x,y) (1e9)	 18*pi^2*cos(3*pi*y).*sin(3*pi*x)	@(x,y) sin(3*pi*x).*cos(3*pi*y)						
331	15000	3	@(x,y) (5)	 18*pi^2*cos(3*pi*y).*sin(3*pi*x)	@(x,y) sin(3*pi*x).*cos(3*pi*y)						
332	15000	3	@(x,y) (0.03)	 18*pi^2*cos(3*pi*y).*sin(3*pi*x)	@(x,y) sin(3*pi*x).*cos(3*pi*y)						
333	15000	3	@(x,y) (25)	 18*pi^2*cos(3*pi*y).*sin(3*pi*x)	@(x,y) sin(3*pi*x).*cos(3*pi*y)						
334	15000	3	@(x,y) (1e-5) 	 18*pi^2*cos(3*pi*y).*sin(3*pi*x)	@(x,y) sin(3*pi*x).*cos(3*pi*y)						
335	15000	3	@(x,y) (7*1e2)	 18*pi^2*cos(3*pi*y).*sin(3*pi*x)	@(x,y) sin(3*pi*x).*cos(3*pi*y)						
336	15000	3	@(x,y) (0.01 * (x<0.5) + 150 * (x>=0.5))	 18*pi^2*cos(3*pi*y).*sin(3*pi*x)	@(x,y) sin(3*pi*x).*cos(3*pi*y)						
337	15000	3	@(x,y) (8e-4 * (y<0.5) + 5e-7* (y>=0.5))	 18*pi^2*cos(3*pi*y).*sin(3*pi*x)	@(x,y) sin(3*pi*x).*cos(3*pi*y)						
338	15000	3	@(x,y) (1.5 + 3.5 *(x>0.2))	 18*pi^2*cos(3*pi*y).*sin(3*pi*x)	@(x,y) sin(3*pi*x).*cos(3*pi*y)						
339	15000	3	@(x,y) (50*(y<=0.34) + 398*(y>0.34))	 18*pi^2*cos(3*pi*y).*sin(3*pi*x)	@(x,y) sin(3*pi*x).*cos(3*pi*y)						
340	15000	3	@(x,y) (0.1 * (x < 0.25)  + 1.3 * (x >= 0.25) .* (x <0.75)  +  10 * (x>= 0.75 ))	 18*pi^2*cos(3*pi*y).*sin(3*pi*x)	@(x,y) sin(3*pi*x).*cos(3*pi*y)						
341	15000	3	@(x,y) (1e9)	 18*pi^2*cos(3*pi*y).*sin(3*pi*x)	@(x,y) sin(3*pi*x).*cos(3*pi*y)						
342	15000	4	@(x,y) (5)	 18*pi^2*cos(3*pi*y).*sin(3*pi*x)	@(x,y) sin(3*pi*x).*cos(3*pi*y)						
343	15000	4	@(x,y) (0.03)	 18*pi^2*cos(3*pi*y).*sin(3*pi*x)	@(x,y) sin(3*pi*x).*cos(3*pi*y)						
344	15000	4	@(x,y) (25)	 18*pi^2*cos(3*pi*y).*sin(3*pi*x)	@(x,y) sin(3*pi*x).*cos(3*pi*y)						
345	15000	4	@(x,y) (1e-5) 	 18*pi^2*cos(3*pi*y).*sin(3*pi*x)	@(x,y) sin(3*pi*x).*cos(3*pi*y)						
346	15000	4	@(x,y) (7*1e2)	 18*pi^2*cos(3*pi*y).*sin(3*pi*x)	@(x,y) sin(3*pi*x).*cos(3*pi*y)						
347	15000	4	@(x,y) (0.01 * (x<0.5) + 150 * (x>=0.5))	 18*pi^2*cos(3*pi*y).*sin(3*pi*x)	@(x,y) sin(3*pi*x).*cos(3*pi*y)						
348	15000	4	@(x,y) (8e-4 * (y<0.5) + 5e-7* (y>=0.5))	 18*pi^2*cos(3*pi*y).*sin(3*pi*x)	@(x,y) sin(3*pi*x).*cos(3*pi*y)						
349	15000	4	@(x,y) (1.5 + 3.5 *(x>0.2))	 18*pi^2*cos(3*pi*y).*sin(3*pi*x)	@(x,y) sin(3*pi*x).*cos(3*pi*y)						
350	15000	4	@(x,y) (50*(y<=0.34) + 398*(y>0.34))	 18*pi^2*cos(3*pi*y).*sin(3*pi*x)	@(x,y) sin(3*pi*x).*cos(3*pi*y)						
351	15000	4	@(x,y) (0.1 * (x < 0.25)  + 1.3 * (x >= 0.25) .* (x <0.75)  +  10 * (x>= 0.75 ))	 18*pi^2*cos(3*pi*y).*sin(3*pi*x)	@(x,y) sin(3*pi*x).*cos(3*pi*y)						
352	15000	4	@(x,y) (1e9)	 18*pi^2*cos(3*pi*y).*sin(3*pi*x)	@(x,y) sin(3*pi*x).*cos(3*pi*y)						
353	17000	1	@(x,y) (5)	 18*pi^2*cos(3*pi*y).*sin(3*pi*x)	@(x,y) sin(3*pi*x).*cos(3*pi*y)						
354	17000	1	@(x,y) (0.03)	 18*pi^2*cos(3*pi*y).*sin(3*pi*x)	@(x,y) sin(3*pi*x).*cos(3*pi*y)						
355	17000	1	@(x,y) (25)	 18*pi^2*cos(3*pi*y).*sin(3*pi*x)	@(x,y) sin(3*pi*x).*cos(3*pi*y)						
356	17000	1	@(x,y) (1e-5) 	 18*pi^2*cos(3*pi*y).*sin(3*pi*x)	@(x,y) sin(3*pi*x).*cos(3*pi*y)						
357	17000	1	@(x,y) (7*1e2)	 18*pi^2*cos(3*pi*y).*sin(3*pi*x)	@(x,y) sin(3*pi*x).*cos(3*pi*y)						
358	17000	1	@(x,y) (0.01 * (x<0.5) + 150 * (x>=0.5))	 18*pi^2*cos(3*pi*y).*sin(3*pi*x)	@(x,y) sin(3*pi*x).*cos(3*pi*y)						
359	17000	1	@(x,y) (8e-4 * (y<0.5) + 5e-7* (y>=0.5))	 18*pi^2*cos(3*pi*y).*sin(3*pi*x)	@(x,y) sin(3*pi*x).*cos(3*pi*y)						
360	17000	1	@(x,y) (1.5 + 3.5 *(x>0.2))	 18*pi^2*cos(3*pi*y).*sin(3*pi*x)	@(x,y) sin(3*pi*x).*cos(3*pi*y)						
361	17000	1	@(x,y) (50*(y<=0.34) + 398*(y>0.34))	 18*pi^2*cos(3*pi*y).*sin(3*pi*x)	@(x,y) sin(3*pi*x).*cos(3*pi*y)						
362	17000	1	@(x,y) (0.1 * (x < 0.25)  + 1.3 * (x >= 0.25) .* (x <0.75)  +  10 * (x>= 0.75 ))	 18*pi^2*cos(3*pi*y).*sin(3*pi*x)	@(x,y) sin(3*pi*x).*cos(3*pi*y)						
363	17000	1	@(x,y) (1e9)	 18*pi^2*cos(3*pi*y).*sin(3*pi*x)	@(x,y) sin(3*pi*x).*cos(3*pi*y)						
364	17000	2	@(x,y) (5)	 18*pi^2*cos(3*pi*y).*sin(3*pi*x)	@(x,y) sin(3*pi*x).*cos(3*pi*y)						
365	17000	2	@(x,y) (0.03)	 18*pi^2*cos(3*pi*y).*sin(3*pi*x)	@(x,y) sin(3*pi*x).*cos(3*pi*y)						
366	17000	2	@(x,y) (25)	 18*pi^2*cos(3*pi*y).*sin(3*pi*x)	@(x,y) sin(3*pi*x).*cos(3*pi*y)						
367	17000	2	@(x,y) (1e-5) 	 18*pi^2*cos(3*pi*y).*sin(3*pi*x)	@(x,y) sin(3*pi*x).*cos(3*pi*y)						
368	17000	2	@(x,y) (7*1e2)	 18*pi^2*cos(3*pi*y).*sin(3*pi*x)	@(x,y) sin(3*pi*x).*cos(3*pi*y)						
369	17000	2	@(x,y) (0.01 * (x<0.5) + 150 * (x>=0.5))	 18*pi^2*cos(3*pi*y).*sin(3*pi*x)	@(x,y) sin(3*pi*x).*cos(3*pi*y)						
370	17000	2	@(x,y) (8e-4 * (y<0.5) + 5e-7* (y>=0.5))	 18*pi^2*cos(3*pi*y).*sin(3*pi*x)	@(x,y) sin(3*pi*x).*cos(3*pi*y)						
371	17000	2	@(x,y) (1.5 + 3.5 *(x>0.2))	 18*pi^2*cos(3*pi*y).*sin(3*pi*x)	@(x,y) sin(3*pi*x).*cos(3*pi*y)						
372	17000	2	@(x,y) (50*(y<=0.34) + 398*(y>0.34))	 18*pi^2*cos(3*pi*y).*sin(3*pi*x)	@(x,y) sin(3*pi*x).*cos(3*pi*y)						
373	17000	2	@(x,y) (0.1 * (x < 0.25)  + 1.3 * (x >= 0.25) .* (x <0.75)  +  10 * (x>= 0.75 ))	 18*pi^2*cos(3*pi*y).*sin(3*pi*x)	@(x,y) sin(3*pi*x).*cos(3*pi*y)						
374	17000	2	@(x,y) (1e9)	 18*pi^2*cos(3*pi*y).*sin(3*pi*x)	@(x,y) sin(3*pi*x).*cos(3*pi*y)						
375	17000	3	@(x,y) (5)	 18*pi^2*cos(3*pi*y).*sin(3*pi*x)	@(x,y) sin(3*pi*x).*cos(3*pi*y)						
376	17000	3	@(x,y) (0.03)	 18*pi^2*cos(3*pi*y).*sin(3*pi*x)	@(x,y) sin(3*pi*x).*cos(3*pi*y)						
377	17000	3	@(x,y) (25)	 18*pi^2*cos(3*pi*y).*sin(3*pi*x)	@(x,y) sin(3*pi*x).*cos(3*pi*y)						
378	17000	3	@(x,y) (1e-5) 	 18*pi^2*cos(3*pi*y).*sin(3*pi*x)	@(x,y) sin(3*pi*x).*cos(3*pi*y)						
379	17000	3	@(x,y) (7*1e2)	 18*pi^2*cos(3*pi*y).*sin(3*pi*x)	@(x,y) sin(3*pi*x).*cos(3*pi*y)						
380	17000	3	@(x,y) (0.01 * (x<0.5) + 150 * (x>=0.5))	 18*pi^2*cos(3*pi*y).*sin(3*pi*x)	@(x,y) sin(3*pi*x).*cos(3*pi*y)						
381	17000	3	@(x,y) (8e-4 * (y<0.5) + 5e-7* (y>=0.5))	 18*pi^2*cos(3*pi*y).*sin(3*pi*x)	@(x,y) sin(3*pi*x).*cos(3*pi*y)						
382	17000	3	@(x,y) (1.5 + 3.5 *(x>0.2))	 18*pi^2*cos(3*pi*y).*sin(3*pi*x)	@(x,y) sin(3*pi*x).*cos(3*pi*y)						
383	17000	3	@(x,y) (50*(y<=0.34) + 398*(y>0.34))	 18*pi^2*cos(3*pi*y).*sin(3*pi*x)	@(x,y) sin(3*pi*x).*cos(3*pi*y)						
384	17000	3	@(x,y) (0.1 * (x < 0.25)  + 1.3 * (x >= 0.25) .* (x <0.75)  +  10 * (x>= 0.75 ))	 18*pi^2*cos(3*pi*y).*sin(3*pi*x)	@(x,y) sin(3*pi*x).*cos(3*pi*y)						
385	17000	3	@(x,y) (1e9)	 18*pi^2*cos(3*pi*y).*sin(3*pi*x)	@(x,y) sin(3*pi*x).*cos(3*pi*y)						
386	17000	4	@(x,y) (5)	 18*pi^2*cos(3*pi*y).*sin(3*pi*x)	@(x,y) sin(3*pi*x).*cos(3*pi*y)						
387	17000	4	@(x,y) (0.03)	 18*pi^2*cos(3*pi*y).*sin(3*pi*x)	@(x,y) sin(3*pi*x).*cos(3*pi*y)						
388	17000	4	@(x,y) (25)	 18*pi^2*cos(3*pi*y).*sin(3*pi*x)	@(x,y) sin(3*pi*x).*cos(3*pi*y)						
389	17000	4	@(x,y) (1e-5) 	 18*pi^2*cos(3*pi*y).*sin(3*pi*x)	@(x,y) sin(3*pi*x).*cos(3*pi*y)						
390	17000	4	@(x,y) (7*1e2)	 18*pi^2*cos(3*pi*y).*sin(3*pi*x)	@(x,y) sin(3*pi*x).*cos(3*pi*y)						
391	17000	4	@(x,y) (0.01 * (x<0.5) + 150 * (x>=0.5))	 18*pi^2*cos(3*pi*y).*sin(3*pi*x)	@(x,y) sin(3*pi*x).*cos(3*pi*y)						
392	17000	4	@(x,y) (8e-4 * (y<0.5) + 5e-7* (y>=0.5))	 18*pi^2*cos(3*pi*y).*sin(3*pi*x)	@(x,y) sin(3*pi*x).*cos(3*pi*y)						
393	17000	4	@(x,y) (1.5 + 3.5 *(x>0.2))	 18*pi^2*cos(3*pi*y).*sin(3*pi*x)	@(x,y) sin(3*pi*x).*cos(3*pi*y)						
394	17000	4	@(x,y) (50*(y<=0.34) + 398*(y>0.34))	 18*pi^2*cos(3*pi*y).*sin(3*pi*x)	@(x,y) sin(3*pi*x).*cos(3*pi*y)						
395	17000	4	@(x,y) (0.1 * (x < 0.25)  + 1.3 * (x >= 0.25) .* (x <0.75)  +  10 * (x>= 0.75 ))	 18*pi^2*cos(3*pi*y).*sin(3*pi*x)	@(x,y) sin(3*pi*x).*cos(3*pi*y)						
396	17000	4	@(x,y) (1e9)	 18*pi^2*cos(3*pi*y).*sin(3*pi*x)	@(x,y) sin(3*pi*x).*cos(3*pi*y)						
397	19000	1	@(x,y) (5)	 18*pi^2*cos(3*pi*y).*sin(3*pi*x)	@(x,y) sin(3*pi*x).*cos(3*pi*y)						
398	19000	1	@(x,y) (0.03)	 18*pi^2*cos(3*pi*y).*sin(3*pi*x)	@(x,y) sin(3*pi*x).*cos(3*pi*y)						
399	19000	1	@(x,y) (25)	 18*pi^2*cos(3*pi*y).*sin(3*pi*x)	@(x,y) sin(3*pi*x).*cos(3*pi*y)						
400	19000	1	@(x,y) (1e-5) 	 18*pi^2*cos(3*pi*y).*sin(3*pi*x)	@(x,y) sin(3*pi*x).*cos(3*pi*y)						
401	19000	1	@(x,y) (7*1e2)	 18*pi^2*cos(3*pi*y).*sin(3*pi*x)	@(x,y) sin(3*pi*x).*cos(3*pi*y)						
402	19000	1	@(x,y) (0.01 * (x<0.5) + 150 * (x>=0.5))	 18*pi^2*cos(3*pi*y).*sin(3*pi*x)	@(x,y) sin(3*pi*x).*cos(3*pi*y)						
403	19000	1	@(x,y) (8e-4 * (y<0.5) + 5e-7* (y>=0.5))	 18*pi^2*cos(3*pi*y).*sin(3*pi*x)	@(x,y) sin(3*pi*x).*cos(3*pi*y)						
404	19000	1	@(x,y) (1.5 + 3.5 *(x>0.2))	 18*pi^2*cos(3*pi*y).*sin(3*pi*x)	@(x,y) sin(3*pi*x).*cos(3*pi*y)						
405	19000	1	@(x,y) (50*(y<=0.34) + 398*(y>0.34))	 18*pi^2*cos(3*pi*y).*sin(3*pi*x)	@(x,y) sin(3*pi*x).*cos(3*pi*y)						
406	19000	1	@(x,y) (0.1 * (x < 0.25)  + 1.3 * (x >= 0.25) .* (x <0.75)  +  10 * (x>= 0.75 ))	 18*pi^2*cos(3*pi*y).*sin(3*pi*x)	@(x,y) sin(3*pi*x).*cos(3*pi*y)						
407	19000	1	@(x,y) (1e9)	 18*pi^2*cos(3*pi*y).*sin(3*pi*x)	@(x,y) sin(3*pi*x).*cos(3*pi*y)						
408	19000	2	@(x,y) (5)	 18*pi^2*cos(3*pi*y).*sin(3*pi*x)	@(x,y) sin(3*pi*x).*cos(3*pi*y)						
409	19000	2	@(x,y) (0.03)	 18*pi^2*cos(3*pi*y).*sin(3*pi*x)	@(x,y) sin(3*pi*x).*cos(3*pi*y)						
410	19000	2	@(x,y) (25)	 18*pi^2*cos(3*pi*y).*sin(3*pi*x)	@(x,y) sin(3*pi*x).*cos(3*pi*y)						
411	19000	2	@(x,y) (1e-5) 	 18*pi^2*cos(3*pi*y).*sin(3*pi*x)	@(x,y) sin(3*pi*x).*cos(3*pi*y)						
412	19000	2	@(x,y) (7*1e2)	 18*pi^2*cos(3*pi*y).*sin(3*pi*x)	@(x,y) sin(3*pi*x).*cos(3*pi*y)						
413	19000	2	@(x,y) (0.01 * (x<0.5) + 150 * (x>=0.5))	 18*pi^2*cos(3*pi*y).*sin(3*pi*x)	@(x,y) sin(3*pi*x).*cos(3*pi*y)						
414	19000	2	@(x,y) (8e-4 * (y<0.5) + 5e-7* (y>=0.5))	 18*pi^2*cos(3*pi*y).*sin(3*pi*x)	@(x,y) sin(3*pi*x).*cos(3*pi*y)						
415	19000	2	@(x,y) (1.5 + 3.5 *(x>0.2))	 18*pi^2*cos(3*pi*y).*sin(3*pi*x)	@(x,y) sin(3*pi*x).*cos(3*pi*y)						
416	19000	2	@(x,y) (50*(y<=0.34) + 398*(y>0.34))	 18*pi^2*cos(3*pi*y).*sin(3*pi*x)	@(x,y) sin(3*pi*x).*cos(3*pi*y)						
417	19000	2	@(x,y) (0.1 * (x < 0.25)  + 1.3 * (x >= 0.25) .* (x <0.75)  +  10 * (x>= 0.75 ))	 18*pi^2*cos(3*pi*y).*sin(3*pi*x)	@(x,y) sin(3*pi*x).*cos(3*pi*y)						
418	19000	2	@(x,y) (1e9)	 18*pi^2*cos(3*pi*y).*sin(3*pi*x)	@(x,y) sin(3*pi*x).*cos(3*pi*y)						
419	19000	3	@(x,y) (5)	 18*pi^2*cos(3*pi*y).*sin(3*pi*x)	@(x,y) sin(3*pi*x).*cos(3*pi*y)						
420	19000	3	@(x,y) (0.03)	 18*pi^2*cos(3*pi*y).*sin(3*pi*x)	@(x,y) sin(3*pi*x).*cos(3*pi*y)						
421	19000	3	@(x,y) (25)	 18*pi^2*cos(3*pi*y).*sin(3*pi*x)	@(x,y) sin(3*pi*x).*cos(3*pi*y)						
422	19000	3	@(x,y) (1e-5) 	 18*pi^2*cos(3*pi*y).*sin(3*pi*x)	@(x,y) sin(3*pi*x).*cos(3*pi*y)						
423	19000	3	@(x,y) (7*1e2)	 18*pi^2*cos(3*pi*y).*sin(3*pi*x)	@(x,y) sin(3*pi*x).*cos(3*pi*y)						
424	19000	3	@(x,y) (0.01 * (x<0.5) + 150 * (x>=0.5))	 18*pi^2*cos(3*pi*y).*sin(3*pi*x)	@(x,y) sin(3*pi*x).*cos(3*pi*y)						
425	19000	3	@(x,y) (8e-4 * (y<0.5) + 5e-7* (y>=0.5))	 18*pi^2*cos(3*pi*y).*sin(3*pi*x)	@(x,y) sin(3*pi*x).*cos(3*pi*y)						
426	19000	3	@(x,y) (1.5 + 3.5 *(x>0.2))	 18*pi^2*cos(3*pi*y).*sin(3*pi*x)	@(x,y) sin(3*pi*x).*cos(3*pi*y)						
427	19000	3	@(x,y) (50*(y<=0.34) + 398*(y>0.34))	 18*pi^2*cos(3*pi*y).*sin(3*pi*x)	@(x,y) sin(3*pi*x).*cos(3*pi*y)						
428	19000	3	@(x,y) (0.1 * (x < 0.25)  + 1.3 * (x >= 0.25) .* (x <0.75)  +  10 * (x>= 0.75 ))	 18*pi^2*cos(3*pi*y).*sin(3*pi*x)	@(x,y) sin(3*pi*x).*cos(3*pi*y)						
429	19000	3	@(x,y) (1e9)	 18*pi^2*cos(3*pi*y).*sin(3*pi*x)	@(x,y) sin(3*pi*x).*cos(3*pi*y)						
430	19000	4	@(x,y) (5)	 18*pi^2*cos(3*pi*y).*sin(3*pi*x)	@(x,y) sin(3*pi*x).*cos(3*pi*y)						
431	19000	4	@(x,y) (0.03)	 18*pi^2*cos(3*pi*y).*sin(3*pi*x)	@(x,y) sin(3*pi*x).*cos(3*pi*y)						
432	19000	4	@(x,y) (25)	 18*pi^2*cos(3*pi*y).*sin(3*pi*x)	@(x,y) sin(3*pi*x).*cos(3*pi*y)						
433	19000	4	@(x,y) (1e-5) 	 18*pi^2*cos(3*pi*y).*sin(3*pi*x)	@(x,y) sin(3*pi*x).*cos(3*pi*y)						
434	19000	4	@(x,y) (7*1e2)	 18*pi^2*cos(3*pi*y).*sin(3*pi*x)	@(x,y) sin(3*pi*x).*cos(3*pi*y)						
435	19000	4	@(x,y) (0.01 * (x<0.5) + 150 * (x>=0.5))	 18*pi^2*cos(3*pi*y).*sin(3*pi*x)	@(x,y) sin(3*pi*x).*cos(3*pi*y)						
436	19000	4	@(x,y) (8e-4 * (y<0.5) + 5e-7* (y>=0.5))	 18*pi^2*cos(3*pi*y).*sin(3*pi*x)	@(x,y) sin(3*pi*x).*cos(3*pi*y)						
437	19000	4	@(x,y) (1.5 + 3.5 *(x>0.2))	 18*pi^2*cos(3*pi*y).*sin(3*pi*x)	@(x,y) sin(3*pi*x).*cos(3*pi*y)						
438	19000	4	@(x,y) (50*(y<=0.34) + 398*(y>0.34))	 18*pi^2*cos(3*pi*y).*sin(3*pi*x)	@(x,y) sin(3*pi*x).*cos(3*pi*y)						
439	19000	4	@(x,y) (0.1 * (x < 0.25)  + 1.3 * (x >= 0.25) .* (x <0.75)  +  10 * (x>= 0.75 ))	 18*pi^2*cos(3*pi*y).*sin(3*pi*x)	@(x,y) sin(3*pi*x).*cos(3*pi*y)						
440	19000	4	@(x,y) (1e9)	 18*pi^2*cos(3*pi*y).*sin(3*pi*x)	@(x,y) sin(3*pi*x).*cos(3*pi*y)						
