ID,N,p,mu,f,g,pb_ID
1,1000,1,"@(x,y) (5)",18*pi^2*cos(3*pi*y).*sin(3*pi*x),"@(x,y) sin(3*pi*x).*cos(3*pi*y)",1
2,1000,1,"@(x,y) (0.03)",18*pi^2*cos(3*pi*y).*sin(3*pi*x),"@(x,y) sin(3*pi*x).*cos(3*pi*y)",2
3,1000,1,"@(x,y) (25)",18*pi^2*cos(3*pi*y).*sin(3*pi*x),"@(x,y) sin(3*pi*x).*cos(3*pi*y)",3
4,1000,1,"@(x,y) (1e-5)",18*pi^2*cos(3*pi*y).*sin(3*pi*x),"@(x,y) sin(3*pi*x).*cos(3*pi*y)",4
5,1000,1,"@(x,y) (7*1e2)",18*pi^2*cos(3*pi*y).*sin(3*pi*x),"@(x,y) sin(3*pi*x).*cos(3*pi*y)",5
6,1000,1,"@(x,y) (0.01 * (x<0.5) + 150 * (x>=0.5))",18*pi^2*cos(3*pi*y).*sin(3*pi*x),"@(x,y) sin(3*pi*x).*cos(3*pi*y)",6
7,1000,1,"@(x,y) (8e-4 * (y<0.5) + 5e-7* (y>=0.5))",18*pi^2*cos(3*pi*y).*sin(3*pi*x),"@(x,y) sin(3*pi*x).*cos(3*pi*y)",7
8,1000,1,"@(x,y) (1.5 + 3.5 *(x>0.2))",18*pi^2*cos(3*pi*y).*sin(3*pi*x),"@(x,y) sin(3*pi*x).*cos(3*pi*y)",8
9,1000,1,"@(x,y) (50*(y<=0.34) + 398*(y>0.34))",18*pi^2*cos(3*pi*y).*sin(3*pi*x),"@(x,y) sin(3*pi*x).*cos(3*pi*y)",9
10,1000,1,"@(x,y) (0.1 * (x < 0.25)  + 1.3 * (x >= 0.25) .* (x <0.75)  +  10 * (x>= 0.75 ))",18*pi^2*cos(3*pi*y).*sin(3*pi*x),"@(x,y) sin(3*pi*x).*cos(3*pi*y)",10
11,1000,1,"@(x,y) (1e9)",18*pi^2*cos(3*pi*y).*sin(3*pi*x),"@(x,y) sin(3*pi*x).*cos(3*pi*y)",11
12,3000,1,"@(x,y) (5)",18*pi^2*cos(3*pi*y).*sin(3*pi*x),"@(x,y) sin(3*pi*x).*cos(3*pi*y)",1
13,3000,1,"@(x,y) (0.03)",18*pi^2*cos(3*pi*y).*sin(3*pi*x),"@(x,y) sin(3*pi*x).*cos(3*pi*y)",2
14,3000,1,"@(x,y) (25)",18*pi^2*cos(3*pi*y).*sin(3*pi*x),"@(x,y) sin(3*pi*x).*cos(3*pi*y)",3
15,3000,1,"@(x,y) (1e-5)",18*pi^2*cos(3*pi*y).*sin(3*pi*x),"@(x,y) sin(3*pi*x).*cos(3*pi*y)",4
16,3000,1,"@(x,y) (7*1e2)",18*pi^2*cos(3*pi*y).*sin(3*pi*x),"@(x,y) sin(3*pi*x).*cos(3*pi*y)",5
17,3000,1,"@(x,y) (0.01 * (x<0.5) + 150 * (x>=0.5))",18*pi^2*cos(3*pi*y).*sin(3*pi*x),"@(x,y) sin(3*pi*x).*cos(3*pi*y)",6
18,3000,1,"@(x,y) (8e-4 * (y<0.5) + 5e-7* (y>=0.5))",18*pi^2*cos(3*pi*y).*sin(3*pi*x),"@(x,y) sin(3*pi*x).*cos(3*pi*y)",7
19,3000,1,"@(x,y) (1.5 + 3.5 *(x>0.2))",18*pi^2*cos(3*pi*y).*sin(3*pi*x),"@(x,y) sin(3*pi*x).*cos(3*pi*y)",8
20,3000,1,"@(x,y) (50*(y<=0.34) + 398*(y>0.34))",18*pi^2*cos(3*pi*y).*sin(3*pi*x),"@(x,y) sin(3*pi*x).*cos(3*pi*y)",9
21,3000,1,"@(x,y) (0.1 * (x < 0.25)  + 1.3 * (x >= 0.25) .* (x <0.75)  +  10 * (x>= 0.75 ))",18*pi^2*cos(3*pi*y).*sin(3*pi*x),"@(x,y) sin(3*pi*x).*cos(3*pi*y)",10
22,3000,1,"@(x,y) (1e9)",18*pi^2*cos(3*pi*y).*sin(3*pi*x),"@(x,y) sin(3*pi*x).*cos(3*pi*y)",11
23,5000,1,"@(x,y) (5)",18*pi^2*cos(3*pi*y).*sin(3*pi*x),"@(x,y) sin(3*pi*x).*cos(3*pi*y)",1
24,5000,1,"@(x,y) (0.03)",18*pi^2*cos(3*pi*y).*sin(3*pi*x),"@(x,y) sin(3*pi*x).*cos(3*pi*y)",2
25,5000,1,"@(x,y) (25)",18*pi^2*cos(3*pi*y).*sin(3*pi*x),"@(x,y) sin(3*pi*x).*cos(3*pi*y)",3
26,5000,1,"@(x,y) (1e-5)",18*pi^2*cos(3*pi*y).*sin(3*pi*x),"@(x,y) sin(3*pi*x).*cos(3*pi*y)",4
27,5000,1,"@(x,y) (7*1e2)",18*pi^2*cos(3*pi*y).*sin(3*pi*x),"@(x,y) sin(3*pi*x).*cos(3*pi*y)",5
28,5000,1,"@(x,y) (0.01 * (x<0.5) + 150 * (x>=0.5))",18*pi^2*cos(3*pi*y).*sin(3*pi*x),"@(x,y) sin(3*pi*x).*cos(3*pi*y)",6
29,5000,1,"@(x,y) (8e-4 * (y<0.5) + 5e-7* (y>=0.5))",18*pi^2*cos(3*pi*y).*sin(3*pi*x),"@(x,y) sin(3*pi*x).*cos(3*pi*y)",7
30,5000,1,"@(x,y) (1.5 + 3.5 *(x>0.2))",18*pi^2*cos(3*pi*y).*sin(3*pi*x),"@(x,y) sin(3*pi*x).*cos(3*pi*y)",8
31,5000,1,"@(x,y) (50*(y<=0.34) + 398*(y>0.34))",18*pi^2*cos(3*pi*y).*sin(3*pi*x),"@(x,y) sin(3*pi*x).*cos(3*pi*y)",9
32,5000,1,"@(x,y) (0.1 * (x < 0.25)  + 1.3 * (x >= 0.25) .* (x <0.75)  +  10 * (x>= 0.75 ))",18*pi^2*cos(3*pi*y).*sin(3*pi*x),"@(x,y) sin(3*pi*x).*cos(3*pi*y)",10
33,5000,1,"@(x,y) (1e9)",18*pi^2*cos(3*pi*y).*sin(3*pi*x),"@(x,y) sin(3*pi*x).*cos(3*pi*y)",11
34,7000,1,"@(x,y) (5)",18*pi^2*cos(3*pi*y).*sin(3*pi*x),"@(x,y) sin(3*pi*x).*cos(3*pi*y)",1
35,7000,1,"@(x,y) (0.03)",18*pi^2*cos(3*pi*y).*sin(3*pi*x),"@(x,y) sin(3*pi*x).*cos(3*pi*y)",2
36,7000,1,"@(x,y) (25)",18*pi^2*cos(3*pi*y).*sin(3*pi*x),"@(x,y) sin(3*pi*x).*cos(3*pi*y)",3
37,7000,1,"@(x,y) (1e-5)",18*pi^2*cos(3*pi*y).*sin(3*pi*x),"@(x,y) sin(3*pi*x).*cos(3*pi*y)",4
38,7000,1,"@(x,y) (7*1e2)",18*pi^2*cos(3*pi*y).*sin(3*pi*x),"@(x,y) sin(3*pi*x).*cos(3*pi*y)",5
39,7000,1,"@(x,y) (0.01 * (x<0.5) + 150 * (x>=0.5))",18*pi^2*cos(3*pi*y).*sin(3*pi*x),"@(x,y) sin(3*pi*x).*cos(3*pi*y)",6
40,7000,1,"@(x,y) (8e-4 * (y<0.5) + 5e-7* (y>=0.5))",18*pi^2*cos(3*pi*y).*sin(3*pi*x),"@(x,y) sin(3*pi*x).*cos(3*pi*y)",7
41,7000,1,"@(x,y) (1.5 + 3.5 *(x>0.2))",18*pi^2*cos(3*pi*y).*sin(3*pi*x),"@(x,y) sin(3*pi*x).*cos(3*pi*y)",8
42,7000,1,"@(x,y) (50*(y<=0.34) + 398*(y>0.34))",18*pi^2*cos(3*pi*y).*sin(3*pi*x),"@(x,y) sin(3*pi*x).*cos(3*pi*y)",9
43,7000,1,"@(x,y) (0.1 * (x < 0.25)  + 1.3 * (x >= 0.25) .* (x <0.75)  +  10 * (x>= 0.75 ))",18*pi^2*cos(3*pi*y).*sin(3*pi*x),"@(x,y) sin(3*pi*x).*cos(3*pi*y)",10
44,7000,1,"@(x,y) (1e9)",18*pi^2*cos(3*pi*y).*sin(3*pi*x),"@(x,y) sin(3*pi*x).*cos(3*pi*y)",11
45,9000,1,"@(x,y) (5)",18*pi^2*cos(3*pi*y).*sin(3*pi*x),"@(x,y) sin(3*pi*x).*cos(3*pi*y)",1
46,9000,1,"@(x,y) (0.03)",18*pi^2*cos(3*pi*y).*sin(3*pi*x),"@(x,y) sin(3*pi*x).*cos(3*pi*y)",2
47,9000,1,"@(x,y) (25)",18*pi^2*cos(3*pi*y).*sin(3*pi*x),"@(x,y) sin(3*pi*x).*cos(3*pi*y)",3
48,9000,1,"@(x,y) (1e-5)",18*pi^2*cos(3*pi*y).*sin(3*pi*x),"@(x,y) sin(3*pi*x).*cos(3*pi*y)",4
49,9000,1,"@(x,y) (7*1e2)",18*pi^2*cos(3*pi*y).*sin(3*pi*x),"@(x,y) sin(3*pi*x).*cos(3*pi*y)",5
50,9000,1,"@(x,y) (0.01 * (x<0.5) + 150 * (x>=0.5))",18*pi^2*cos(3*pi*y).*sin(3*pi*x),"@(x,y) sin(3*pi*x).*cos(3*pi*y)",6
51,9000,1,"@(x,y) (8e-4 * (y<0.5) + 5e-7* (y>=0.5))",18*pi^2*cos(3*pi*y).*sin(3*pi*x),"@(x,y) sin(3*pi*x).*cos(3*pi*y)",7
52,9000,1,"@(x,y) (1.5 + 3.5 *(x>0.2))",18*pi^2*cos(3*pi*y).*sin(3*pi*x),"@(x,y) sin(3*pi*x).*cos(3*pi*y)",8
53,9000,1,"@(x,y) (50*(y<=0.34) + 398*(y>0.34))",18*pi^2*cos(3*pi*y).*sin(3*pi*x),"@(x,y) sin(3*pi*x).*cos(3*pi*y)",9
54,9000,1,"@(x,y) (0.1 * (x < 0.25)  + 1.3 * (x >= 0.25) .* (x <0.75)  +  10 * (x>= 0.75 ))",18*pi^2*cos(3*pi*y).*sin(3*pi*x),"@(x,y) sin(3*pi*x).*cos(3*pi*y)",10
55,9000,1,"@(x,y) (1e9)",18*pi^2*cos(3*pi*y).*sin(3*pi*x),"@(x,y) sin(3*pi*x).*cos(3*pi*y)",11
56,11000,1,"@(x,y) (5)",18*pi^2*cos(3*pi*y).*sin(3*pi*x),"@(x,y) sin(3*pi*x).*cos(3*pi*y)",1
57,11000,1,"@(x,y) (0.03)",18*pi^2*cos(3*pi*y).*sin(3*pi*x),"@(x,y) sin(3*pi*x).*cos(3*pi*y)",2
58,11000,1,"@(x,y) (25)",18*pi^2*cos(3*pi*y).*sin(3*pi*x),"@(x,y) sin(3*pi*x).*cos(3*pi*y)",3
59,11000,1,"@(x,y) (1e-5)",18*pi^2*cos(3*pi*y).*sin(3*pi*x),"@(x,y) sin(3*pi*x).*cos(3*pi*y)",4
60,11000,1,"@(x,y) (7*1e2)",18*pi^2*cos(3*pi*y).*sin(3*pi*x),"@(x,y) sin(3*pi*x).*cos(3*pi*y)",5
61,11000,1,"@(x,y) (0.01 * (x<0.5) + 150 * (x>=0.5))",18*pi^2*cos(3*pi*y).*sin(3*pi*x),"@(x,y) sin(3*pi*x).*cos(3*pi*y)",6
62,11000,1,"@(x,y) (8e-4 * (y<0.5) + 5e-7* (y>=0.5))",18*pi^2*cos(3*pi*y).*sin(3*pi*x),"@(x,y) sin(3*pi*x).*cos(3*pi*y)",7
63,11000,1,"@(x,y) (1.5 + 3.5 *(x>0.2))",18*pi^2*cos(3*pi*y).*sin(3*pi*x),"@(x,y) sin(3*pi*x).*cos(3*pi*y)",8
64,11000,1,"@(x,y) (50*(y<=0.34) + 398*(y>0.34))",18*pi^2*cos(3*pi*y).*sin(3*pi*x),"@(x,y) sin(3*pi*x).*cos(3*pi*y)",9
65,11000,1,"@(x,y) (0.1 * (x < 0.25)  + 1.3 * (x >= 0.25) .* (x <0.75)  +  10 * (x>= 0.75 ))",18*pi^2*cos(3*pi*y).*sin(3*pi*x),"@(x,y) sin(3*pi*x).*cos(3*pi*y)",10
66,11000,1,"@(x,y) (1e9)",18*pi^2*cos(3*pi*y).*sin(3*pi*x),"@(x,y) sin(3*pi*x).*cos(3*pi*y)",11
67,13000,1,"@(x,y) (5)",18*pi^2*cos(3*pi*y).*sin(3*pi*x),"@(x,y) sin(3*pi*x).*cos(3*pi*y)",1
68,13000,1,"@(x,y) (0.03)",18*pi^2*cos(3*pi*y).*sin(3*pi*x),"@(x,y) sin(3*pi*x).*cos(3*pi*y)",2
69,13000,1,"@(x,y) (25)",18*pi^2*cos(3*pi*y).*sin(3*pi*x),"@(x,y) sin(3*pi*x).*cos(3*pi*y)",3
70,13000,1,"@(x,y) (1e-5)",18*pi^2*cos(3*pi*y).*sin(3*pi*x),"@(x,y) sin(3*pi*x).*cos(3*pi*y)",4
71,13000,1,"@(x,y) (7*1e2)",18*pi^2*cos(3*pi*y).*sin(3*pi*x),"@(x,y) sin(3*pi*x).*cos(3*pi*y)",5
72,13000,1,"@(x,y) (0.01 * (x<0.5) + 150 * (x>=0.5))",18*pi^2*cos(3*pi*y).*sin(3*pi*x),"@(x,y) sin(3*pi*x).*cos(3*pi*y)",6
73,13000,1,"@(x,y) (8e-4 * (y<0.5) + 5e-7* (y>=0.5))",18*pi^2*cos(3*pi*y).*sin(3*pi*x),"@(x,y) sin(3*pi*x).*cos(3*pi*y)",7
74,13000,1,"@(x,y) (1.5 + 3.5 *(x>0.2))",18*pi^2*cos(3*pi*y).*sin(3*pi*x),"@(x,y) sin(3*pi*x).*cos(3*pi*y)",8
75,13000,1,"@(x,y) (50*(y<=0.34) + 398*(y>0.34))",18*pi^2*cos(3*pi*y).*sin(3*pi*x),"@(x,y) sin(3*pi*x).*cos(3*pi*y)",9
76,13000,1,"@(x,y) (0.1 * (x < 0.25)  + 1.3 * (x >= 0.25) .* (x <0.75)  +  10 * (x>= 0.75 ))",18*pi^2*cos(3*pi*y).*sin(3*pi*x),"@(x,y) sin(3*pi*x).*cos(3*pi*y)",10
77,13000,1,"@(x,y) (1e9)",18*pi^2*cos(3*pi*y).*sin(3*pi*x),"@(x,y) sin(3*pi*x).*cos(3*pi*y)",11
78,15000,1,"@(x,y) (5)",18*pi^2*cos(3*pi*y).*sin(3*pi*x),"@(x,y) sin(3*pi*x).*cos(3*pi*y)",1
79,15000,1,"@(x,y) (0.03)",18*pi^2*cos(3*pi*y).*sin(3*pi*x),"@(x,y) sin(3*pi*x).*cos(3*pi*y)",2
80,15000,1,"@(x,y) (25)",18*pi^2*cos(3*pi*y).*sin(3*pi*x),"@(x,y) sin(3*pi*x).*cos(3*pi*y)",3
81,15000,1,"@(x,y) (1e-5)",18*pi^2*cos(3*pi*y).*sin(3*pi*x),"@(x,y) sin(3*pi*x).*cos(3*pi*y)",4
82,15000,1,"@(x,y) (7*1e2)",18*pi^2*cos(3*pi*y).*sin(3*pi*x),"@(x,y) sin(3*pi*x).*cos(3*pi*y)",5
83,15000,1,"@(x,y) (0.01 * (x<0.5) + 150 * (x>=0.5))",18*pi^2*cos(3*pi*y).*sin(3*pi*x),"@(x,y) sin(3*pi*x).*cos(3*pi*y)",6
84,15000,1,"@(x,y) (8e-4 * (y<0.5) + 5e-7* (y>=0.5))",18*pi^2*cos(3*pi*y).*sin(3*pi*x),"@(x,y) sin(3*pi*x).*cos(3*pi*y)",7
85,15000,1,"@(x,y) (1.5 + 3.5 *(x>0.2))",18*pi^2*cos(3*pi*y).*sin(3*pi*x),"@(x,y) sin(3*pi*x).*cos(3*pi*y)",8
86,15000,1,"@(x,y) (50*(y<=0.34) + 398*(y>0.34))",18*pi^2*cos(3*pi*y).*sin(3*pi*x),"@(x,y) sin(3*pi*x).*cos(3*pi*y)",9
87,15000,1,"@(x,y) (0.1 * (x < 0.25)  + 1.3 * (x >= 0.25) .* (x <0.75)  +  10 * (x>= 0.75 ))",18*pi^2*cos(3*pi*y).*sin(3*pi*x),"@(x,y) sin(3*pi*x).*cos(3*pi*y)",10
88,15000,1,"@(x,y) (1e9)",18*pi^2*cos(3*pi*y).*sin(3*pi*x),"@(x,y) sin(3*pi*x).*cos(3*pi*y)",11
89,17000,1,"@(x,y) (5)",18*pi^2*cos(3*pi*y).*sin(3*pi*x),"@(x,y) sin(3*pi*x).*cos(3*pi*y)",1
90,17000,1,"@(x,y) (0.03)",18*pi^2*cos(3*pi*y).*sin(3*pi*x),"@(x,y) sin(3*pi*x).*cos(3*pi*y)",2
91,17000,1,"@(x,y) (25)",18*pi^2*cos(3*pi*y).*sin(3*pi*x),"@(x,y) sin(3*pi*x).*cos(3*pi*y)",3
92,17000,1,"@(x,y) (1e-5)",18*pi^2*cos(3*pi*y).*sin(3*pi*x),"@(x,y) sin(3*pi*x).*cos(3*pi*y)",4
93,17000,1,"@(x,y) (7*1e2)",18*pi^2*cos(3*pi*y).*sin(3*pi*x),"@(x,y) sin(3*pi*x).*cos(3*pi*y)",5
94,17000,1,"@(x,y) (0.01 * (x<0.5) + 150 * (x>=0.5))",18*pi^2*cos(3*pi*y).*sin(3*pi*x),"@(x,y) sin(3*pi*x).*cos(3*pi*y)",6
95,17000,1,"@(x,y) (8e-4 * (y<0.5) + 5e-7* (y>=0.5))",18*pi^2*cos(3*pi*y).*sin(3*pi*x),"@(x,y) sin(3*pi*x).*cos(3*pi*y)",7
96,17000,1,"@(x,y) (1.5 + 3.5 *(x>0.2))",18*pi^2*cos(3*pi*y).*sin(3*pi*x),"@(x,y) sin(3*pi*x).*cos(3*pi*y)",8
97,17000,1,"@(x,y) (50*(y<=0.34) + 398*(y>0.34))",18*pi^2*cos(3*pi*y).*sin(3*pi*x),"@(x,y) sin(3*pi*x).*cos(3*pi*y)",9
98,17000,1,"@(x,y) (0.1 * (x < 0.25)  + 1.3 * (x >= 0.25) .* (x <0.75)  +  10 * (x>= 0.75 ))",18*pi^2*cos(3*pi*y).*sin(3*pi*x),"@(x,y) sin(3*pi*x).*cos(3*pi*y)",10
99,17000,1,"@(x,y) (1e9)",18*pi^2*cos(3*pi*y).*sin(3*pi*x),"@(x,y) sin(3*pi*x).*cos(3*pi*y)",11
100,19000,1,"@(x,y) (5)",18*pi^2*cos(3*pi*y).*sin(3*pi*x),"@(x,y) sin(3*pi*x).*cos(3*pi*y)",1
101,19000,1,"@(x,y) (0.03)",18*pi^2*cos(3*pi*y).*sin(3*pi*x),"@(x,y) sin(3*pi*x).*cos(3*pi*y)",2
102,19000,1,"@(x,y) (25)",18*pi^2*cos(3*pi*y).*sin(3*pi*x),"@(x,y) sin(3*pi*x).*cos(3*pi*y)",3
103,19000,1,"@(x,y) (1e-5)",18*pi^2*cos(3*pi*y).*sin(3*pi*x),"@(x,y) sin(3*pi*x).*cos(3*pi*y)",4
104,19000,1,"@(x,y) (7*1e2)",18*pi^2*cos(3*pi*y).*sin(3*pi*x),"@(x,y) sin(3*pi*x).*cos(3*pi*y)",5
105,19000,1,"@(x,y) (0.01 * (x<0.5) + 150 * (x>=0.5))",18*pi^2*cos(3*pi*y).*sin(3*pi*x),"@(x,y) sin(3*pi*x).*cos(3*pi*y)",6
106,19000,1,"@(x,y) (8e-4 * (y<0.5) + 5e-7* (y>=0.5))",18*pi^2*cos(3*pi*y).*sin(3*pi*x),"@(x,y) sin(3*pi*x).*cos(3*pi*y)",7
107,19000,1,"@(x,y) (1.5 + 3.5 *(x>0.2))",18*pi^2*cos(3*pi*y).*sin(3*pi*x),"@(x,y) sin(3*pi*x).*cos(3*pi*y)",8
108,19000,1,"@(x,y) (50*(y<=0.34) + 398*(y>0.34))",18*pi^2*cos(3*pi*y).*sin(3*pi*x),"@(x,y) sin(3*pi*x).*cos(3*pi*y)",9
109,19000,1,"@(x,y) (0.1 * (x < 0.25)  + 1.3 * (x >= 0.25) .* (x <0.75)  +  10 * (x>= 0.75 ))",18*pi^2*cos(3*pi*y).*sin(3*pi*x),"@(x,y) sin(3*pi*x).*cos(3*pi*y)",10
110,19000,1,"@(x,y) (1e9)",18*pi^2*cos(3*pi*y).*sin(3*pi*x),"@(x,y) sin(3*pi*x).*cos(3*pi*y)",11
111,1000,2,"@(x,y) (5)",18*pi^2*cos(3*pi*y).*sin(3*pi*x),"@(x,y) sin(3*pi*x).*cos(3*pi*y)",1
112,1000,2,"@(x,y) (0.03)",18*pi^2*cos(3*pi*y).*sin(3*pi*x),"@(x,y) sin(3*pi*x).*cos(3*pi*y)",2
113,1000,2,"@(x,y) (25)",18*pi^2*cos(3*pi*y).*sin(3*pi*x),"@(x,y) sin(3*pi*x).*cos(3*pi*y)",3
114,1000,2,"@(x,y) (1e-5)",18*pi^2*cos(3*pi*y).*sin(3*pi*x),"@(x,y) sin(3*pi*x).*cos(3*pi*y)",4
115,1000,2,"@(x,y) (7*1e2)",18*pi^2*cos(3*pi*y).*sin(3*pi*x),"@(x,y) sin(3*pi*x).*cos(3*pi*y)",5
116,1000,2,"@(x,y) (0.01 * (x<0.5) + 150 * (x>=0.5))",18*pi^2*cos(3*pi*y).*sin(3*pi*x),"@(x,y) sin(3*pi*x).*cos(3*pi*y)",6
117,1000,2,"@(x,y) (8e-4 * (y<0.5) + 5e-7* (y>=0.5))",18*pi^2*cos(3*pi*y).*sin(3*pi*x),"@(x,y) sin(3*pi*x).*cos(3*pi*y)",7
118,1000,2,"@(x,y) (1.5 + 3.5 *(x>0.2))",18*pi^2*cos(3*pi*y).*sin(3*pi*x),"@(x,y) sin(3*pi*x).*cos(3*pi*y)",8
119,1000,2,"@(x,y) (50*(y<=0.34) + 398*(y>0.34))",18*pi^2*cos(3*pi*y).*sin(3*pi*x),"@(x,y) sin(3*pi*x).*cos(3*pi*y)",9
120,1000,2,"@(x,y) (0.1 * (x < 0.25)  + 1.3 * (x >= 0.25) .* (x <0.75)  +  10 * (x>= 0.75 ))",18*pi^2*cos(3*pi*y).*sin(3*pi*x),"@(x,y) sin(3*pi*x).*cos(3*pi*y)",10
121,1000,2,"@(x,y) (1e9)",18*pi^2*cos(3*pi*y).*sin(3*pi*x),"@(x,y) sin(3*pi*x).*cos(3*pi*y)",11
122,3000,2,"@(x,y) (5)",18*pi^2*cos(3*pi*y).*sin(3*pi*x),"@(x,y) sin(3*pi*x).*cos(3*pi*y)",1
123,3000,2,"@(x,y) (0.03)",18*pi^2*cos(3*pi*y).*sin(3*pi*x),"@(x,y) sin(3*pi*x).*cos(3*pi*y)",2
124,3000,2,"@(x,y) (25)",18*pi^2*cos(3*pi*y).*sin(3*pi*x),"@(x,y) sin(3*pi*x).*cos(3*pi*y)",3
125,3000,2,"@(x,y) (1e-5)",18*pi^2*cos(3*pi*y).*sin(3*pi*x),"@(x,y) sin(3*pi*x).*cos(3*pi*y)",4
126,3000,2,"@(x,y) (7*1e2)",18*pi^2*cos(3*pi*y).*sin(3*pi*x),"@(x,y) sin(3*pi*x).*cos(3*pi*y)",5
127,3000,2,"@(x,y) (0.01 * (x<0.5) + 150 * (x>=0.5))",18*pi^2*cos(3*pi*y).*sin(3*pi*x),"@(x,y) sin(3*pi*x).*cos(3*pi*y)",6
128,3000,2,"@(x,y) (8e-4 * (y<0.5) + 5e-7* (y>=0.5))",18*pi^2*cos(3*pi*y).*sin(3*pi*x),"@(x,y) sin(3*pi*x).*cos(3*pi*y)",7
129,3000,2,"@(x,y) (1.5 + 3.5 *(x>0.2))",18*pi^2*cos(3*pi*y).*sin(3*pi*x),"@(x,y) sin(3*pi*x).*cos(3*pi*y)",8
130,3000,2,"@(x,y) (50*(y<=0.34) + 398*(y>0.34))",18*pi^2*cos(3*pi*y).*sin(3*pi*x),"@(x,y) sin(3*pi*x).*cos(3*pi*y)",9
131,3000,2,"@(x,y) (0.1 * (x < 0.25)  + 1.3 * (x >= 0.25) .* (x <0.75)  +  10 * (x>= 0.75 ))",18*pi^2*cos(3*pi*y).*sin(3*pi*x),"@(x,y) sin(3*pi*x).*cos(3*pi*y)",10
132,3000,2,"@(x,y) (1e9)",18*pi^2*cos(3*pi*y).*sin(3*pi*x),"@(x,y) sin(3*pi*x).*cos(3*pi*y)",11
133,5000,2,"@(x,y) (5)",18*pi^2*cos(3*pi*y).*sin(3*pi*x),"@(x,y) sin(3*pi*x).*cos(3*pi*y)",1
134,5000,2,"@(x,y) (0.03)",18*pi^2*cos(3*pi*y).*sin(3*pi*x),"@(x,y) sin(3*pi*x).*cos(3*pi*y)",2
135,5000,2,"@(x,y) (25)",18*pi^2*cos(3*pi*y).*sin(3*pi*x),"@(x,y) sin(3*pi*x).*cos(3*pi*y)",3
136,5000,2,"@(x,y) (1e-5)",18*pi^2*cos(3*pi*y).*sin(3*pi*x),"@(x,y) sin(3*pi*x).*cos(3*pi*y)",4
137,5000,2,"@(x,y) (7*1e2)",18*pi^2*cos(3*pi*y).*sin(3*pi*x),"@(x,y) sin(3*pi*x).*cos(3*pi*y)",5
138,5000,2,"@(x,y) (0.01 * (x<0.5) + 150 * (x>=0.5))",18*pi^2*cos(3*pi*y).*sin(3*pi*x),"@(x,y) sin(3*pi*x).*cos(3*pi*y)",6
139,5000,2,"@(x,y) (8e-4 * (y<0.5) + 5e-7* (y>=0.5))",18*pi^2*cos(3*pi*y).*sin(3*pi*x),"@(x,y) sin(3*pi*x).*cos(3*pi*y)",7
140,5000,2,"@(x,y) (1.5 + 3.5 *(x>0.2))",18*pi^2*cos(3*pi*y).*sin(3*pi*x),"@(x,y) sin(3*pi*x).*cos(3*pi*y)",8
141,5000,2,"@(x,y) (50*(y<=0.34) + 398*(y>0.34))",18*pi^2*cos(3*pi*y).*sin(3*pi*x),"@(x,y) sin(3*pi*x).*cos(3*pi*y)",9
142,5000,2,"@(x,y) (0.1 * (x < 0.25)  + 1.3 * (x >= 0.25) .* (x <0.75)  +  10 * (x>= 0.75 ))",18*pi^2*cos(3*pi*y).*sin(3*pi*x),"@(x,y) sin(3*pi*x).*cos(3*pi*y)",10
143,5000,2,"@(x,y) (1e9)",18*pi^2*cos(3*pi*y).*sin(3*pi*x),"@(x,y) sin(3*pi*x).*cos(3*pi*y)",11
144,7000,2,"@(x,y) (5)",18*pi^2*cos(3*pi*y).*sin(3*pi*x),"@(x,y) sin(3*pi*x).*cos(3*pi*y)",1
145,7000,2,"@(x,y) (0.03)",18*pi^2*cos(3*pi*y).*sin(3*pi*x),"@(x,y) sin(3*pi*x).*cos(3*pi*y)",2
146,7000,2,"@(x,y) (25)",18*pi^2*cos(3*pi*y).*sin(3*pi*x),"@(x,y) sin(3*pi*x).*cos(3*pi*y)",3
147,7000,2,"@(x,y) (1e-5)",18*pi^2*cos(3*pi*y).*sin(3*pi*x),"@(x,y) sin(3*pi*x).*cos(3*pi*y)",4
148,7000,2,"@(x,y) (7*1e2)",18*pi^2*cos(3*pi*y).*sin(3*pi*x),"@(x,y) sin(3*pi*x).*cos(3*pi*y)",5
149,7000,2,"@(x,y) (0.01 * (x<0.5) + 150 * (x>=0.5))",18*pi^2*cos(3*pi*y).*sin(3*pi*x),"@(x,y) sin(3*pi*x).*cos(3*pi*y)",6
150,7000,2,"@(x,y) (8e-4 * (y<0.5) + 5e-7* (y>=0.5))",18*pi^2*cos(3*pi*y).*sin(3*pi*x),"@(x,y) sin(3*pi*x).*cos(3*pi*y)",7
151,7000,2,"@(x,y) (1.5 + 3.5 *(x>0.2))",18*pi^2*cos(3*pi*y).*sin(3*pi*x),"@(x,y) sin(3*pi*x).*cos(3*pi*y)",8
152,7000,2,"@(x,y) (50*(y<=0.34) + 398*(y>0.34))",18*pi^2*cos(3*pi*y).*sin(3*pi*x),"@(x,y) sin(3*pi*x).*cos(3*pi*y)",9
153,7000,2,"@(x,y) (0.1 * (x < 0.25)  + 1.3 * (x >= 0.25) .* (x <0.75)  +  10 * (x>= 0.75 ))",18*pi^2*cos(3*pi*y).*sin(3*pi*x),"@(x,y) sin(3*pi*x).*cos(3*pi*y)",10
154,7000,2,"@(x,y) (1e9)",18*pi^2*cos(3*pi*y).*sin(3*pi*x),"@(x,y) sin(3*pi*x).*cos(3*pi*y)",11
155,9000,2,"@(x,y) (5)",18*pi^2*cos(3*pi*y).*sin(3*pi*x),"@(x,y) sin(3*pi*x).*cos(3*pi*y)",1
156,9000,2,"@(x,y) (0.03)",18*pi^2*cos(3*pi*y).*sin(3*pi*x),"@(x,y) sin(3*pi*x).*cos(3*pi*y)",2
157,9000,2,"@(x,y) (25)",18*pi^2*cos(3*pi*y).*sin(3*pi*x),"@(x,y) sin(3*pi*x).*cos(3*pi*y)",3
158,9000,2,"@(x,y) (1e-5)",18*pi^2*cos(3*pi*y).*sin(3*pi*x),"@(x,y) sin(3*pi*x).*cos(3*pi*y)",4
159,9000,2,"@(x,y) (7*1e2)",18*pi^2*cos(3*pi*y).*sin(3*pi*x),"@(x,y) sin(3*pi*x).*cos(3*pi*y)",5
160,9000,2,"@(x,y) (0.01 * (x<0.5) + 150 * (x>=0.5))",18*pi^2*cos(3*pi*y).*sin(3*pi*x),"@(x,y) sin(3*pi*x).*cos(3*pi*y)",6
161,9000,2,"@(x,y) (8e-4 * (y<0.5) + 5e-7* (y>=0.5))",18*pi^2*cos(3*pi*y).*sin(3*pi*x),"@(x,y) sin(3*pi*x).*cos(3*pi*y)",7
162,9000,2,"@(x,y) (1.5 + 3.5 *(x>0.2))",18*pi^2*cos(3*pi*y).*sin(3*pi*x),"@(x,y) sin(3*pi*x).*cos(3*pi*y)",8
163,9000,2,"@(x,y) (50*(y<=0.34) + 398*(y>0.34))",18*pi^2*cos(3*pi*y).*sin(3*pi*x),"@(x,y) sin(3*pi*x).*cos(3*pi*y)",9
164,9000,2,"@(x,y) (0.1 * (x < 0.25)  + 1.3 * (x >= 0.25) .* (x <0.75)  +  10 * (x>= 0.75 ))",18*pi^2*cos(3*pi*y).*sin(3*pi*x),"@(x,y) sin(3*pi*x).*cos(3*pi*y)",10
165,9000,2,"@(x,y) (1e9)",18*pi^2*cos(3*pi*y).*sin(3*pi*x),"@(x,y) sin(3*pi*x).*cos(3*pi*y)",11
166,11000,2,"@(x,y) (5)",18*pi^2*cos(3*pi*y).*sin(3*pi*x),"@(x,y) sin(3*pi*x).*cos(3*pi*y)",1
167,11000,2,"@(x,y) (0.03)",18*pi^2*cos(3*pi*y).*sin(3*pi*x),"@(x,y) sin(3*pi*x).*cos(3*pi*y)",2
168,11000,2,"@(x,y) (25)",18*pi^2*cos(3*pi*y).*sin(3*pi*x),"@(x,y) sin(3*pi*x).*cos(3*pi*y)",3
169,11000,2,"@(x,y) (1e-5)",18*pi^2*cos(3*pi*y).*sin(3*pi*x),"@(x,y) sin(3*pi*x).*cos(3*pi*y)",4
170,11000,2,"@(x,y) (7*1e2)",18*pi^2*cos(3*pi*y).*sin(3*pi*x),"@(x,y) sin(3*pi*x).*cos(3*pi*y)",5
171,11000,2,"@(x,y) (0.01 * (x<0.5) + 150 * (x>=0.5))",18*pi^2*cos(3*pi*y).*sin(3*pi*x),"@(x,y) sin(3*pi*x).*cos(3*pi*y)",6
172,11000,2,"@(x,y) (8e-4 * (y<0.5) + 5e-7* (y>=0.5))",18*pi^2*cos(3*pi*y).*sin(3*pi*x),"@(x,y) sin(3*pi*x).*cos(3*pi*y)",7
173,11000,2,"@(x,y) (1.5 + 3.5 *(x>0.2))",18*pi^2*cos(3*pi*y).*sin(3*pi*x),"@(x,y) sin(3*pi*x).*cos(3*pi*y)",8
174,11000,2,"@(x,y) (50*(y<=0.34) + 398*(y>0.34))",18*pi^2*cos(3*pi*y).*sin(3*pi*x),"@(x,y) sin(3*pi*x).*cos(3*pi*y)",9
175,11000,2,"@(x,y) (0.1 * (x < 0.25)  + 1.3 * (x >= 0.25) .* (x <0.75)  +  10 * (x>= 0.75 ))",18*pi^2*cos(3*pi*y).*sin(3*pi*x),"@(x,y) sin(3*pi*x).*cos(3*pi*y)",10
176,11000,2,"@(x,y) (1e9)",18*pi^2*cos(3*pi*y).*sin(3*pi*x),"@(x,y) sin(3*pi*x).*cos(3*pi*y)",11
177,13000,2,"@(x,y) (5)",18*pi^2*cos(3*pi*y).*sin(3*pi*x),"@(x,y) sin(3*pi*x).*cos(3*pi*y)",1
178,13000,2,"@(x,y) (0.03)",18*pi^2*cos(3*pi*y).*sin(3*pi*x),"@(x,y) sin(3*pi*x).*cos(3*pi*y)",2
179,13000,2,"@(x,y) (25)",18*pi^2*cos(3*pi*y).*sin(3*pi*x),"@(x,y) sin(3*pi*x).*cos(3*pi*y)",3
180,13000,2,"@(x,y) (1e-5)",18*pi^2*cos(3*pi*y).*sin(3*pi*x),"@(x,y) sin(3*pi*x).*cos(3*pi*y)",4
181,13000,2,"@(x,y) (7*1e2)",18*pi^2*cos(3*pi*y).*sin(3*pi*x),"@(x,y) sin(3*pi*x).*cos(3*pi*y)",5
182,13000,2,"@(x,y) (0.01 * (x<0.5) + 150 * (x>=0.5))",18*pi^2*cos(3*pi*y).*sin(3*pi*x),"@(x,y) sin(3*pi*x).*cos(3*pi*y)",6
183,13000,2,"@(x,y) (8e-4 * (y<0.5) + 5e-7* (y>=0.5))",18*pi^2*cos(3*pi*y).*sin(3*pi*x),"@(x,y) sin(3*pi*x).*cos(3*pi*y)",7
184,13000,2,"@(x,y) (1.5 + 3.5 *(x>0.2))",18*pi^2*cos(3*pi*y).*sin(3*pi*x),"@(x,y) sin(3*pi*x).*cos(3*pi*y)",8
185,13000,2,"@(x,y) (50*(y<=0.34) + 398*(y>0.34))",18*pi^2*cos(3*pi*y).*sin(3*pi*x),"@(x,y) sin(3*pi*x).*cos(3*pi*y)",9
186,13000,2,"@(x,y) (0.1 * (x < 0.25)  + 1.3 * (x >= 0.25) .* (x <0.75)  +  10 * (x>= 0.75 ))",18*pi^2*cos(3*pi*y).*sin(3*pi*x),"@(x,y) sin(3*pi*x).*cos(3*pi*y)",10
187,13000,2,"@(x,y) (1e9)",18*pi^2*cos(3*pi*y).*sin(3*pi*x),"@(x,y) sin(3*pi*x).*cos(3*pi*y)",11
188,15000,2,"@(x,y) (5)",18*pi^2*cos(3*pi*y).*sin(3*pi*x),"@(x,y) sin(3*pi*x).*cos(3*pi*y)",1
189,15000,2,"@(x,y) (0.03)",18*pi^2*cos(3*pi*y).*sin(3*pi*x),"@(x,y) sin(3*pi*x).*cos(3*pi*y)",2
190,15000,2,"@(x,y) (25)",18*pi^2*cos(3*pi*y).*sin(3*pi*x),"@(x,y) sin(3*pi*x).*cos(3*pi*y)",3
191,15000,2,"@(x,y) (1e-5)",18*pi^2*cos(3*pi*y).*sin(3*pi*x),"@(x,y) sin(3*pi*x).*cos(3*pi*y)",4
192,15000,2,"@(x,y) (7*1e2)",18*pi^2*cos(3*pi*y).*sin(3*pi*x),"@(x,y) sin(3*pi*x).*cos(3*pi*y)",5
193,15000,2,"@(x,y) (0.01 * (x<0.5) + 150 * (x>=0.5))",18*pi^2*cos(3*pi*y).*sin(3*pi*x),"@(x,y) sin(3*pi*x).*cos(3*pi*y)",6
194,15000,2,"@(x,y) (8e-4 * (y<0.5) + 5e-7* (y>=0.5))",18*pi^2*cos(3*pi*y).*sin(3*pi*x),"@(x,y) sin(3*pi*x).*cos(3*pi*y)",7
195,15000,2,"@(x,y) (1.5 + 3.5 *(x>0.2))",18*pi^2*cos(3*pi*y).*sin(3*pi*x),"@(x,y) sin(3*pi*x).*cos(3*pi*y)",8
196,15000,2,"@(x,y) (50*(y<=0.34) + 398*(y>0.34))",18*pi^2*cos(3*pi*y).*sin(3*pi*x),"@(x,y) sin(3*pi*x).*cos(3*pi*y)",9
197,15000,2,"@(x,y) (0.1 * (x < 0.25)  + 1.3 * (x >= 0.25) .* (x <0.75)  +  10 * (x>= 0.75 ))",18*pi^2*cos(3*pi*y).*sin(3*pi*x),"@(x,y) sin(3*pi*x).*cos(3*pi*y)",10
198,15000,2,"@(x,y) (1e9)",18*pi^2*cos(3*pi*y).*sin(3*pi*x),"@(x,y) sin(3*pi*x).*cos(3*pi*y)",11
199,17000,2,"@(x,y) (5)",18*pi^2*cos(3*pi*y).*sin(3*pi*x),"@(x,y) sin(3*pi*x).*cos(3*pi*y)",1
200,17000,2,"@(x,y) (0.03)",18*pi^2*cos(3*pi*y).*sin(3*pi*x),"@(x,y) sin(3*pi*x).*cos(3*pi*y)",2
201,17000,2,"@(x,y) (25)",18*pi^2*cos(3*pi*y).*sin(3*pi*x),"@(x,y) sin(3*pi*x).*cos(3*pi*y)",3
202,17000,2,"@(x,y) (1e-5)",18*pi^2*cos(3*pi*y).*sin(3*pi*x),"@(x,y) sin(3*pi*x).*cos(3*pi*y)",4
203,17000,2,"@(x,y) (7*1e2)",18*pi^2*cos(3*pi*y).*sin(3*pi*x),"@(x,y) sin(3*pi*x).*cos(3*pi*y)",5
204,17000,2,"@(x,y) (0.01 * (x<0.5) + 150 * (x>=0.5))",18*pi^2*cos(3*pi*y).*sin(3*pi*x),"@(x,y) sin(3*pi*x).*cos(3*pi*y)",6
205,17000,2,"@(x,y) (8e-4 * (y<0.5) + 5e-7* (y>=0.5))",18*pi^2*cos(3*pi*y).*sin(3*pi*x),"@(x,y) sin(3*pi*x).*cos(3*pi*y)",7
206,17000,2,"@(x,y) (1.5 + 3.5 *(x>0.2))",18*pi^2*cos(3*pi*y).*sin(3*pi*x),"@(x,y) sin(3*pi*x).*cos(3*pi*y)",8
207,17000,2,"@(x,y) (50*(y<=0.34) + 398*(y>0.34))",18*pi^2*cos(3*pi*y).*sin(3*pi*x),"@(x,y) sin(3*pi*x).*cos(3*pi*y)",9
208,17000,2,"@(x,y) (0.1 * (x < 0.25)  + 1.3 * (x >= 0.25) .* (x <0.75)  +  10 * (x>= 0.75 ))",18*pi^2*cos(3*pi*y).*sin(3*pi*x),"@(x,y) sin(3*pi*x).*cos(3*pi*y)",10
209,17000,2,"@(x,y) (1e9)",18*pi^2*cos(3*pi*y).*sin(3*pi*x),"@(x,y) sin(3*pi*x).*cos(3*pi*y)",11
210,19000,2,"@(x,y) (5)",18*pi^2*cos(3*pi*y).*sin(3*pi*x),"@(x,y) sin(3*pi*x).*cos(3*pi*y)",1
211,19000,2,"@(x,y) (0.03)",18*pi^2*cos(3*pi*y).*sin(3*pi*x),"@(x,y) sin(3*pi*x).*cos(3*pi*y)",2
212,19000,2,"@(x,y) (25)",18*pi^2*cos(3*pi*y).*sin(3*pi*x),"@(x,y) sin(3*pi*x).*cos(3*pi*y)",3
213,19000,2,"@(x,y) (1e-5)",18*pi^2*cos(3*pi*y).*sin(3*pi*x),"@(x,y) sin(3*pi*x).*cos(3*pi*y)",4
214,19000,2,"@(x,y) (7*1e2)",18*pi^2*cos(3*pi*y).*sin(3*pi*x),"@(x,y) sin(3*pi*x).*cos(3*pi*y)",5
215,19000,2,"@(x,y) (0.01 * (x<0.5) + 150 * (x>=0.5))",18*pi^2*cos(3*pi*y).*sin(3*pi*x),"@(x,y) sin(3*pi*x).*cos(3*pi*y)",6
216,19000,2,"@(x,y) (8e-4 * (y<0.5) + 5e-7* (y>=0.5))",18*pi^2*cos(3*pi*y).*sin(3*pi*x),"@(x,y) sin(3*pi*x).*cos(3*pi*y)",7
217,19000,2,"@(x,y) (1.5 + 3.5 *(x>0.2))",18*pi^2*cos(3*pi*y).*sin(3*pi*x),"@(x,y) sin(3*pi*x).*cos(3*pi*y)",8
218,19000,2,"@(x,y) (50*(y<=0.34) + 398*(y>0.34))",18*pi^2*cos(3*pi*y).*sin(3*pi*x),"@(x,y) sin(3*pi*x).*cos(3*pi*y)",9
219,19000,2,"@(x,y) (0.1 * (x < 0.25)  + 1.3 * (x >= 0.25) .* (x <0.75)  +  10 * (x>= 0.75 ))",18*pi^2*cos(3*pi*y).*sin(3*pi*x),"@(x,y) sin(3*pi*x).*cos(3*pi*y)",10
220,19000,2,"@(x,y) (1e9)",18*pi^2*cos(3*pi*y).*sin(3*pi*x),"@(x,y) sin(3*pi*x).*cos(3*pi*y)",11
221,1000,3,"@(x,y) (5)",18*pi^2*cos(3*pi*y).*sin(3*pi*x),"@(x,y) sin(3*pi*x).*cos(3*pi*y)",1
222,1000,3,"@(x,y) (0.03)",18*pi^2*cos(3*pi*y).*sin(3*pi*x),"@(x,y) sin(3*pi*x).*cos(3*pi*y)",2
223,1000,3,"@(x,y) (25)",18*pi^2*cos(3*pi*y).*sin(3*pi*x),"@(x,y) sin(3*pi*x).*cos(3*pi*y)",3
224,1000,3,"@(x,y) (1e-5)",18*pi^2*cos(3*pi*y).*sin(3*pi*x),"@(x,y) sin(3*pi*x).*cos(3*pi*y)",4
225,1000,3,"@(x,y) (7*1e2)",18*pi^2*cos(3*pi*y).*sin(3*pi*x),"@(x,y) sin(3*pi*x).*cos(3*pi*y)",5
226,1000,3,"@(x,y) (0.01 * (x<0.5) + 150 * (x>=0.5))",18*pi^2*cos(3*pi*y).*sin(3*pi*x),"@(x,y) sin(3*pi*x).*cos(3*pi*y)",6
227,1000,3,"@(x,y) (8e-4 * (y<0.5) + 5e-7* (y>=0.5))",18*pi^2*cos(3*pi*y).*sin(3*pi*x),"@(x,y) sin(3*pi*x).*cos(3*pi*y)",7
228,1000,3,"@(x,y) (1.5 + 3.5 *(x>0.2))",18*pi^2*cos(3*pi*y).*sin(3*pi*x),"@(x,y) sin(3*pi*x).*cos(3*pi*y)",8
229,1000,3,"@(x,y) (50*(y<=0.34) + 398*(y>0.34))",18*pi^2*cos(3*pi*y).*sin(3*pi*x),"@(x,y) sin(3*pi*x).*cos(3*pi*y)",9
230,1000,3,"@(x,y) (0.1 * (x < 0.25)  + 1.3 * (x >= 0.25) .* (x <0.75)  +  10 * (x>= 0.75 ))",18*pi^2*cos(3*pi*y).*sin(3*pi*x),"@(x,y) sin(3*pi*x).*cos(3*pi*y)",10
231,1000,3,"@(x,y) (1e9)",18*pi^2*cos(3*pi*y).*sin(3*pi*x),"@(x,y) sin(3*pi*x).*cos(3*pi*y)",11
232,3000,3,"@(x,y) (5)",18*pi^2*cos(3*pi*y).*sin(3*pi*x),"@(x,y) sin(3*pi*x).*cos(3*pi*y)",1
233,3000,3,"@(x,y) (0.03)",18*pi^2*cos(3*pi*y).*sin(3*pi*x),"@(x,y) sin(3*pi*x).*cos(3*pi*y)",2
234,3000,3,"@(x,y) (25)",18*pi^2*cos(3*pi*y).*sin(3*pi*x),"@(x,y) sin(3*pi*x).*cos(3*pi*y)",3
235,3000,3,"@(x,y) (1e-5)",18*pi^2*cos(3*pi*y).*sin(3*pi*x),"@(x,y) sin(3*pi*x).*cos(3*pi*y)",4
236,3000,3,"@(x,y) (7*1e2)",18*pi^2*cos(3*pi*y).*sin(3*pi*x),"@(x,y) sin(3*pi*x).*cos(3*pi*y)",5
237,3000,3,"@(x,y) (0.01 * (x<0.5) + 150 * (x>=0.5))",18*pi^2*cos(3*pi*y).*sin(3*pi*x),"@(x,y) sin(3*pi*x).*cos(3*pi*y)",6
238,3000,3,"@(x,y) (8e-4 * (y<0.5) + 5e-7* (y>=0.5))",18*pi^2*cos(3*pi*y).*sin(3*pi*x),"@(x,y) sin(3*pi*x).*cos(3*pi*y)",7
239,3000,3,"@(x,y) (1.5 + 3.5 *(x>0.2))",18*pi^2*cos(3*pi*y).*sin(3*pi*x),"@(x,y) sin(3*pi*x).*cos(3*pi*y)",8
240,3000,3,"@(x,y) (50*(y<=0.34) + 398*(y>0.34))",18*pi^2*cos(3*pi*y).*sin(3*pi*x),"@(x,y) sin(3*pi*x).*cos(3*pi*y)",9
241,3000,3,"@(x,y) (0.1 * (x < 0.25)  + 1.3 * (x >= 0.25) .* (x <0.75)  +  10 * (x>= 0.75 ))",18*pi^2*cos(3*pi*y).*sin(3*pi*x),"@(x,y) sin(3*pi*x).*cos(3*pi*y)",10
242,3000,3,"@(x,y) (1e9)",18*pi^2*cos(3*pi*y).*sin(3*pi*x),"@(x,y) sin(3*pi*x).*cos(3*pi*y)",11
243,5000,3,"@(x,y) (5)",18*pi^2*cos(3*pi*y).*sin(3*pi*x),"@(x,y) sin(3*pi*x).*cos(3*pi*y)",1
244,5000,3,"@(x,y) (0.03)",18*pi^2*cos(3*pi*y).*sin(3*pi*x),"@(x,y) sin(3*pi*x).*cos(3*pi*y)",2
245,5000,3,"@(x,y) (25)",18*pi^2*cos(3*pi*y).*sin(3*pi*x),"@(x,y) sin(3*pi*x).*cos(3*pi*y)",3
246,5000,3,"@(x,y) (1e-5)",18*pi^2*cos(3*pi*y).*sin(3*pi*x),"@(x,y) sin(3*pi*x).*cos(3*pi*y)",4
247,5000,3,"@(x,y) (7*1e2)",18*pi^2*cos(3*pi*y).*sin(3*pi*x),"@(x,y) sin(3*pi*x).*cos(3*pi*y)",5
248,5000,3,"@(x,y) (0.01 * (x<0.5) + 150 * (x>=0.5))",18*pi^2*cos(3*pi*y).*sin(3*pi*x),"@(x,y) sin(3*pi*x).*cos(3*pi*y)",6
249,5000,3,"@(x,y) (8e-4 * (y<0.5) + 5e-7* (y>=0.5))",18*pi^2*cos(3*pi*y).*sin(3*pi*x),"@(x,y) sin(3*pi*x).*cos(3*pi*y)",7
250,5000,3,"@(x,y) (1.5 + 3.5 *(x>0.2))",18*pi^2*cos(3*pi*y).*sin(3*pi*x),"@(x,y) sin(3*pi*x).*cos(3*pi*y)",8
251,5000,3,"@(x,y) (50*(y<=0.34) + 398*(y>0.34))",18*pi^2*cos(3*pi*y).*sin(3*pi*x),"@(x,y) sin(3*pi*x).*cos(3*pi*y)",9
252,5000,3,"@(x,y) (0.1 * (x < 0.25)  + 1.3 * (x >= 0.25) .* (x <0.75)  +  10 * (x>= 0.75 ))",18*pi^2*cos(3*pi*y).*sin(3*pi*x),"@(x,y) sin(3*pi*x).*cos(3*pi*y)",10
253,5000,3,"@(x,y) (1e9)",18*pi^2*cos(3*pi*y).*sin(3*pi*x),"@(x,y) sin(3*pi*x).*cos(3*pi*y)",11
254,7000,3,"@(x,y) (5)",18*pi^2*cos(3*pi*y).*sin(3*pi*x),"@(x,y) sin(3*pi*x).*cos(3*pi*y)",1
255,7000,3,"@(x,y) (0.03)",18*pi^2*cos(3*pi*y).*sin(3*pi*x),"@(x,y) sin(3*pi*x).*cos(3*pi*y)",2
256,7000,3,"@(x,y) (25)",18*pi^2*cos(3*pi*y).*sin(3*pi*x),"@(x,y) sin(3*pi*x).*cos(3*pi*y)",3
257,7000,3,"@(x,y) (1e-5)",18*pi^2*cos(3*pi*y).*sin(3*pi*x),"@(x,y) sin(3*pi*x).*cos(3*pi*y)",4
258,7000,3,"@(x,y) (7*1e2)",18*pi^2*cos(3*pi*y).*sin(3*pi*x),"@(x,y) sin(3*pi*x).*cos(3*pi*y)",5
259,7000,3,"@(x,y) (0.01 * (x<0.5) + 150 * (x>=0.5))",18*pi^2*cos(3*pi*y).*sin(3*pi*x),"@(x,y) sin(3*pi*x).*cos(3*pi*y)",6
260,7000,3,"@(x,y) (8e-4 * (y<0.5) + 5e-7* (y>=0.5))",18*pi^2*cos(3*pi*y).*sin(3*pi*x),"@(x,y) sin(3*pi*x).*cos(3*pi*y)",7
261,7000,3,"@(x,y) (1.5 + 3.5 *(x>0.2))",18*pi^2*cos(3*pi*y).*sin(3*pi*x),"@(x,y) sin(3*pi*x).*cos(3*pi*y)",8
262,7000,3,"@(x,y) (50*(y<=0.34) + 398*(y>0.34))",18*pi^2*cos(3*pi*y).*sin(3*pi*x),"@(x,y) sin(3*pi*x).*cos(3*pi*y)",9
263,7000,3,"@(x,y) (0.1 * (x < 0.25)  + 1.3 * (x >= 0.25) .* (x <0.75)  +  10 * (x>= 0.75 ))",18*pi^2*cos(3*pi*y).*sin(3*pi*x),"@(x,y) sin(3*pi*x).*cos(3*pi*y)",10
264,7000,3,"@(x,y) (1e9)",18*pi^2*cos(3*pi*y).*sin(3*pi*x),"@(x,y) sin(3*pi*x).*cos(3*pi*y)",11
265,9000,3,"@(x,y) (5)",18*pi^2*cos(3*pi*y).*sin(3*pi*x),"@(x,y) sin(3*pi*x).*cos(3*pi*y)",1
266,9000,3,"@(x,y) (0.03)",18*pi^2*cos(3*pi*y).*sin(3*pi*x),"@(x,y) sin(3*pi*x).*cos(3*pi*y)",2
267,9000,3,"@(x,y) (25)",18*pi^2*cos(3*pi*y).*sin(3*pi*x),"@(x,y) sin(3*pi*x).*cos(3*pi*y)",3
268,9000,3,"@(x,y) (1e-5)",18*pi^2*cos(3*pi*y).*sin(3*pi*x),"@(x,y) sin(3*pi*x).*cos(3*pi*y)",4
269,9000,3,"@(x,y) (7*1e2)",18*pi^2*cos(3*pi*y).*sin(3*pi*x),"@(x,y) sin(3*pi*x).*cos(3*pi*y)",5
270,9000,3,"@(x,y) (0.01 * (x<0.5) + 150 * (x>=0.5))",18*pi^2*cos(3*pi*y).*sin(3*pi*x),"@(x,y) sin(3*pi*x).*cos(3*pi*y)",6
271,9000,3,"@(x,y) (8e-4 * (y<0.5) + 5e-7* (y>=0.5))",18*pi^2*cos(3*pi*y).*sin(3*pi*x),"@(x,y) sin(3*pi*x).*cos(3*pi*y)",7
272,9000,3,"@(x,y) (1.5 + 3.5 *(x>0.2))",18*pi^2*cos(3*pi*y).*sin(3*pi*x),"@(x,y) sin(3*pi*x).*cos(3*pi*y)",8
273,9000,3,"@(x,y) (50*(y<=0.34) + 398*(y>0.34))",18*pi^2*cos(3*pi*y).*sin(3*pi*x),"@(x,y) sin(3*pi*x).*cos(3*pi*y)",9
274,9000,3,"@(x,y) (0.1 * (x < 0.25)  + 1.3 * (x >= 0.25) .* (x <0.75)  +  10 * (x>= 0.75 ))",18*pi^2*cos(3*pi*y).*sin(3*pi*x),"@(x,y) sin(3*pi*x).*cos(3*pi*y)",10
275,9000,3,"@(x,y) (1e9)",18*pi^2*cos(3*pi*y).*sin(3*pi*x),"@(x,y) sin(3*pi*x).*cos(3*pi*y)",11
276,11000,3,"@(x,y) (5)",18*pi^2*cos(3*pi*y).*sin(3*pi*x),"@(x,y) sin(3*pi*x).*cos(3*pi*y)",1
277,11000,3,"@(x,y) (0.03)",18*pi^2*cos(3*pi*y).*sin(3*pi*x),"@(x,y) sin(3*pi*x).*cos(3*pi*y)",2
278,11000,3,"@(x,y) (25)",18*pi^2*cos(3*pi*y).*sin(3*pi*x),"@(x,y) sin(3*pi*x).*cos(3*pi*y)",3
279,11000,3,"@(x,y) (1e-5)",18*pi^2*cos(3*pi*y).*sin(3*pi*x),"@(x,y) sin(3*pi*x).*cos(3*pi*y)",4
280,11000,3,"@(x,y) (7*1e2)",18*pi^2*cos(3*pi*y).*sin(3*pi*x),"@(x,y) sin(3*pi*x).*cos(3*pi*y)",5
281,11000,3,"@(x,y) (0.01 * (x<0.5) + 150 * (x>=0.5))",18*pi^2*cos(3*pi*y).*sin(3*pi*x),"@(x,y) sin(3*pi*x).*cos(3*pi*y)",6
282,11000,3,"@(x,y) (8e-4 * (y<0.5) + 5e-7* (y>=0.5))",18*pi^2*cos(3*pi*y).*sin(3*pi*x),"@(x,y) sin(3*pi*x).*cos(3*pi*y)",7
283,11000,3,"@(x,y) (1.5 + 3.5 *(x>0.2))",18*pi^2*cos(3*pi*y).*sin(3*pi*x),"@(x,y) sin(3*pi*x).*cos(3*pi*y)",8
284,11000,3,"@(x,y) (50*(y<=0.34) + 398*(y>0.34))",18*pi^2*cos(3*pi*y).*sin(3*pi*x),"@(x,y) sin(3*pi*x).*cos(3*pi*y)",9
285,11000,3,"@(x,y) (0.1 * (x < 0.25)  + 1.3 * (x >= 0.25) .* (x <0.75)  +  10 * (x>= 0.75 ))",18*pi^2*cos(3*pi*y).*sin(3*pi*x),"@(x,y) sin(3*pi*x).*cos(3*pi*y)",10
286,11000,3,"@(x,y) (1e9)",18*pi^2*cos(3*pi*y).*sin(3*pi*x),"@(x,y) sin(3*pi*x).*cos(3*pi*y)",11
287,13000,3,"@(x,y) (5)",18*pi^2*cos(3*pi*y).*sin(3*pi*x),"@(x,y) sin(3*pi*x).*cos(3*pi*y)",1
288,13000,3,"@(x,y) (0.03)",18*pi^2*cos(3*pi*y).*sin(3*pi*x),"@(x,y) sin(3*pi*x).*cos(3*pi*y)",2
289,13000,3,"@(x,y) (25)",18*pi^2*cos(3*pi*y).*sin(3*pi*x),"@(x,y) sin(3*pi*x).*cos(3*pi*y)",3
290,13000,3,"@(x,y) (1e-5)",18*pi^2*cos(3*pi*y).*sin(3*pi*x),"@(x,y) sin(3*pi*x).*cos(3*pi*y)",4
291,13000,3,"@(x,y) (7*1e2)",18*pi^2*cos(3*pi*y).*sin(3*pi*x),"@(x,y) sin(3*pi*x).*cos(3*pi*y)",5
292,13000,3,"@(x,y) (0.01 * (x<0.5) + 150 * (x>=0.5))",18*pi^2*cos(3*pi*y).*sin(3*pi*x),"@(x,y) sin(3*pi*x).*cos(3*pi*y)",6
293,13000,3,"@(x,y) (8e-4 * (y<0.5) + 5e-7* (y>=0.5))",18*pi^2*cos(3*pi*y).*sin(3*pi*x),"@(x,y) sin(3*pi*x).*cos(3*pi*y)",7
294,13000,3,"@(x,y) (1.5 + 3.5 *(x>0.2))",18*pi^2*cos(3*pi*y).*sin(3*pi*x),"@(x,y) sin(3*pi*x).*cos(3*pi*y)",8
295,13000,3,"@(x,y) (50*(y<=0.34) + 398*(y>0.34))",18*pi^2*cos(3*pi*y).*sin(3*pi*x),"@(x,y) sin(3*pi*x).*cos(3*pi*y)",9
296,13000,3,"@(x,y) (0.1 * (x < 0.25)  + 1.3 * (x >= 0.25) .* (x <0.75)  +  10 * (x>= 0.75 ))",18*pi^2*cos(3*pi*y).*sin(3*pi*x),"@(x,y) sin(3*pi*x).*cos(3*pi*y)",10
297,13000,3,"@(x,y) (1e9)",18*pi^2*cos(3*pi*y).*sin(3*pi*x),"@(x,y) sin(3*pi*x).*cos(3*pi*y)",11
298,15000,3,"@(x,y) (5)",18*pi^2*cos(3*pi*y).*sin(3*pi*x),"@(x,y) sin(3*pi*x).*cos(3*pi*y)",1
299,15000,3,"@(x,y) (0.03)",18*pi^2*cos(3*pi*y).*sin(3*pi*x),"@(x,y) sin(3*pi*x).*cos(3*pi*y)",2
300,15000,3,"@(x,y) (25)",18*pi^2*cos(3*pi*y).*sin(3*pi*x),"@(x,y) sin(3*pi*x).*cos(3*pi*y)",3
301,15000,3,"@(x,y) (1e-5)",18*pi^2*cos(3*pi*y).*sin(3*pi*x),"@(x,y) sin(3*pi*x).*cos(3*pi*y)",4
302,15000,3,"@(x,y) (7*1e2)",18*pi^2*cos(3*pi*y).*sin(3*pi*x),"@(x,y) sin(3*pi*x).*cos(3*pi*y)",5
303,15000,3,"@(x,y) (0.01 * (x<0.5) + 150 * (x>=0.5))",18*pi^2*cos(3*pi*y).*sin(3*pi*x),"@(x,y) sin(3*pi*x).*cos(3*pi*y)",6
304,15000,3,"@(x,y) (8e-4 * (y<0.5) + 5e-7* (y>=0.5))",18*pi^2*cos(3*pi*y).*sin(3*pi*x),"@(x,y) sin(3*pi*x).*cos(3*pi*y)",7
305,15000,3,"@(x,y) (1.5 + 3.5 *(x>0.2))",18*pi^2*cos(3*pi*y).*sin(3*pi*x),"@(x,y) sin(3*pi*x).*cos(3*pi*y)",8
306,15000,3,"@(x,y) (50*(y<=0.34) + 398*(y>0.34))",18*pi^2*cos(3*pi*y).*sin(3*pi*x),"@(x,y) sin(3*pi*x).*cos(3*pi*y)",9
307,15000,3,"@(x,y) (0.1 * (x < 0.25)  + 1.3 * (x >= 0.25) .* (x <0.75)  +  10 * (x>= 0.75 ))",18*pi^2*cos(3*pi*y).*sin(3*pi*x),"@(x,y) sin(3*pi*x).*cos(3*pi*y)",10
308,15000,3,"@(x,y) (1e9)",18*pi^2*cos(3*pi*y).*sin(3*pi*x),"@(x,y) sin(3*pi*x).*cos(3*pi*y)",11
309,17000,3,"@(x,y) (5)",18*pi^2*cos(3*pi*y).*sin(3*pi*x),"@(x,y) sin(3*pi*x).*cos(3*pi*y)",1
310,17000,3,"@(x,y) (0.03)",18*pi^2*cos(3*pi*y).*sin(3*pi*x),"@(x,y) sin(3*pi*x).*cos(3*pi*y)",2
311,17000,3,"@(x,y) (25)",18*pi^2*cos(3*pi*y).*sin(3*pi*x),"@(x,y) sin(3*pi*x).*cos(3*pi*y)",3
312,17000,3,"@(x,y) (1e-5)",18*pi^2*cos(3*pi*y).*sin(3*pi*x),"@(x,y) sin(3*pi*x).*cos(3*pi*y)",4
313,17000,3,"@(x,y) (7*1e2)",18*pi^2*cos(3*pi*y).*sin(3*pi*x),"@(x,y) sin(3*pi*x).*cos(3*pi*y)",5
314,17000,3,"@(x,y) (0.01 * (x<0.5) + 150 * (x>=0.5))",18*pi^2*cos(3*pi*y).*sin(3*pi*x),"@(x,y) sin(3*pi*x).*cos(3*pi*y)",6
315,17000,3,"@(x,y) (8e-4 * (y<0.5) + 5e-7* (y>=0.5))",18*pi^2*cos(3*pi*y).*sin(3*pi*x),"@(x,y) sin(3*pi*x).*cos(3*pi*y)",7
316,17000,3,"@(x,y) (1.5 + 3.5 *(x>0.2))",18*pi^2*cos(3*pi*y).*sin(3*pi*x),"@(x,y) sin(3*pi*x).*cos(3*pi*y)",8
317,17000,3,"@(x,y) (50*(y<=0.34) + 398*(y>0.34))",18*pi^2*cos(3*pi*y).*sin(3*pi*x),"@(x,y) sin(3*pi*x).*cos(3*pi*y)",9
318,17000,3,"@(x,y) (0.1 * (x < 0.25)  + 1.3 * (x >= 0.25) .* (x <0.75)  +  10 * (x>= 0.75 ))",18*pi^2*cos(3*pi*y).*sin(3*pi*x),"@(x,y) sin(3*pi*x).*cos(3*pi*y)",10
319,17000,3,"@(x,y) (1e9)",18*pi^2*cos(3*pi*y).*sin(3*pi*x),"@(x,y) sin(3*pi*x).*cos(3*pi*y)",11
320,19000,3,"@(x,y) (5)",18*pi^2*cos(3*pi*y).*sin(3*pi*x),"@(x,y) sin(3*pi*x).*cos(3*pi*y)",1
321,19000,3,"@(x,y) (0.03)",18*pi^2*cos(3*pi*y).*sin(3*pi*x),"@(x,y) sin(3*pi*x).*cos(3*pi*y)",2
322,19000,3,"@(x,y) (25)",18*pi^2*cos(3*pi*y).*sin(3*pi*x),"@(x,y) sin(3*pi*x).*cos(3*pi*y)",3
323,19000,3,"@(x,y) (1e-5)",18*pi^2*cos(3*pi*y).*sin(3*pi*x),"@(x,y) sin(3*pi*x).*cos(3*pi*y)",4
324,19000,3,"@(x,y) (7*1e2)",18*pi^2*cos(3*pi*y).*sin(3*pi*x),"@(x,y) sin(3*pi*x).*cos(3*pi*y)",5
325,19000,3,"@(x,y) (0.01 * (x<0.5) + 150 * (x>=0.5))",18*pi^2*cos(3*pi*y).*sin(3*pi*x),"@(x,y) sin(3*pi*x).*cos(3*pi*y)",6
326,19000,3,"@(x,y) (8e-4 * (y<0.5) + 5e-7* (y>=0.5))",18*pi^2*cos(3*pi*y).*sin(3*pi*x),"@(x,y) sin(3*pi*x).*cos(3*pi*y)",7
327,19000,3,"@(x,y) (1.5 + 3.5 *(x>0.2))",18*pi^2*cos(3*pi*y).*sin(3*pi*x),"@(x,y) sin(3*pi*x).*cos(3*pi*y)",8
328,19000,3,"@(x,y) (50*(y<=0.34) + 398*(y>0.34))",18*pi^2*cos(3*pi*y).*sin(3*pi*x),"@(x,y) sin(3*pi*x).*cos(3*pi*y)",9
329,19000,3,"@(x,y) (0.1 * (x < 0.25)  + 1.3 * (x >= 0.25) .* (x <0.75)  +  10 * (x>= 0.75 ))",18*pi^2*cos(3*pi*y).*sin(3*pi*x),"@(x,y) sin(3*pi*x).*cos(3*pi*y)",10
330,19000,3,"@(x,y) (1e9)",18*pi^2*cos(3*pi*y).*sin(3*pi*x),"@(x,y) sin(3*pi*x).*cos(3*pi*y)",11
331,1000,4,"@(x,y) (5)",18*pi^2*cos(3*pi*y).*sin(3*pi*x),"@(x,y) sin(3*pi*x).*cos(3*pi*y)",1
332,1000,4,"@(x,y) (0.03)",18*pi^2*cos(3*pi*y).*sin(3*pi*x),"@(x,y) sin(3*pi*x).*cos(3*pi*y)",2
333,1000,4,"@(x,y) (25)",18*pi^2*cos(3*pi*y).*sin(3*pi*x),"@(x,y) sin(3*pi*x).*cos(3*pi*y)",3
334,1000,4,"@(x,y) (1e-5)",18*pi^2*cos(3*pi*y).*sin(3*pi*x),"@(x,y) sin(3*pi*x).*cos(3*pi*y)",4
335,1000,4,"@(x,y) (7*1e2)",18*pi^2*cos(3*pi*y).*sin(3*pi*x),"@(x,y) sin(3*pi*x).*cos(3*pi*y)",5
336,1000,4,"@(x,y) (0.01 * (x<0.5) + 150 * (x>=0.5))",18*pi^2*cos(3*pi*y).*sin(3*pi*x),"@(x,y) sin(3*pi*x).*cos(3*pi*y)",6
337,1000,4,"@(x,y) (8e-4 * (y<0.5) + 5e-7* (y>=0.5))",18*pi^2*cos(3*pi*y).*sin(3*pi*x),"@(x,y) sin(3*pi*x).*cos(3*pi*y)",7
338,1000,4,"@(x,y) (1.5 + 3.5 *(x>0.2))",18*pi^2*cos(3*pi*y).*sin(3*pi*x),"@(x,y) sin(3*pi*x).*cos(3*pi*y)",8
339,1000,4,"@(x,y) (50*(y<=0.34) + 398*(y>0.34))",18*pi^2*cos(3*pi*y).*sin(3*pi*x),"@(x,y) sin(3*pi*x).*cos(3*pi*y)",9
340,1000,4,"@(x,y) (0.1 * (x < 0.25)  + 1.3 * (x >= 0.25) .* (x <0.75)  +  10 * (x>= 0.75 ))",18*pi^2*cos(3*pi*y).*sin(3*pi*x),"@(x,y) sin(3*pi*x).*cos(3*pi*y)",10
341,1000,4,"@(x,y) (1e9)",18*pi^2*cos(3*pi*y).*sin(3*pi*x),"@(x,y) sin(3*pi*x).*cos(3*pi*y)",11
342,3000,4,"@(x,y) (5)",18*pi^2*cos(3*pi*y).*sin(3*pi*x),"@(x,y) sin(3*pi*x).*cos(3*pi*y)",1
343,3000,4,"@(x,y) (0.03)",18*pi^2*cos(3*pi*y).*sin(3*pi*x),"@(x,y) sin(3*pi*x).*cos(3*pi*y)",2
344,3000,4,"@(x,y) (25)",18*pi^2*cos(3*pi*y).*sin(3*pi*x),"@(x,y) sin(3*pi*x).*cos(3*pi*y)",3
345,3000,4,"@(x,y) (1e-5)",18*pi^2*cos(3*pi*y).*sin(3*pi*x),"@(x,y) sin(3*pi*x).*cos(3*pi*y)",4
346,3000,4,"@(x,y) (7*1e2)",18*pi^2*cos(3*pi*y).*sin(3*pi*x),"@(x,y) sin(3*pi*x).*cos(3*pi*y)",5
347,3000,4,"@(x,y) (0.01 * (x<0.5) + 150 * (x>=0.5))",18*pi^2*cos(3*pi*y).*sin(3*pi*x),"@(x,y) sin(3*pi*x).*cos(3*pi*y)",6
348,3000,4,"@(x,y) (8e-4 * (y<0.5) + 5e-7* (y>=0.5))",18*pi^2*cos(3*pi*y).*sin(3*pi*x),"@(x,y) sin(3*pi*x).*cos(3*pi*y)",7
349,3000,4,"@(x,y) (1.5 + 3.5 *(x>0.2))",18*pi^2*cos(3*pi*y).*sin(3*pi*x),"@(x,y) sin(3*pi*x).*cos(3*pi*y)",8
350,3000,4,"@(x,y) (50*(y<=0.34) + 398*(y>0.34))",18*pi^2*cos(3*pi*y).*sin(3*pi*x),"@(x,y) sin(3*pi*x).*cos(3*pi*y)",9
351,3000,4,"@(x,y) (0.1 * (x < 0.25)  + 1.3 * (x >= 0.25) .* (x <0.75)  +  10 * (x>= 0.75 ))",18*pi^2*cos(3*pi*y).*sin(3*pi*x),"@(x,y) sin(3*pi*x).*cos(3*pi*y)",10
352,3000,4,"@(x,y) (1e9)",18*pi^2*cos(3*pi*y).*sin(3*pi*x),"@(x,y) sin(3*pi*x).*cos(3*pi*y)",11
353,5000,4,"@(x,y) (5)",18*pi^2*cos(3*pi*y).*sin(3*pi*x),"@(x,y) sin(3*pi*x).*cos(3*pi*y)",1
354,5000,4,"@(x,y) (0.03)",18*pi^2*cos(3*pi*y).*sin(3*pi*x),"@(x,y) sin(3*pi*x).*cos(3*pi*y)",2
355,5000,4,"@(x,y) (25)",18*pi^2*cos(3*pi*y).*sin(3*pi*x),"@(x,y) sin(3*pi*x).*cos(3*pi*y)",3
356,5000,4,"@(x,y) (1e-5)",18*pi^2*cos(3*pi*y).*sin(3*pi*x),"@(x,y) sin(3*pi*x).*cos(3*pi*y)",4
357,5000,4,"@(x,y) (7*1e2)",18*pi^2*cos(3*pi*y).*sin(3*pi*x),"@(x,y) sin(3*pi*x).*cos(3*pi*y)",5
358,5000,4,"@(x,y) (0.01 * (x<0.5) + 150 * (x>=0.5))",18*pi^2*cos(3*pi*y).*sin(3*pi*x),"@(x,y) sin(3*pi*x).*cos(3*pi*y)",6
359,5000,4,"@(x,y) (8e-4 * (y<0.5) + 5e-7* (y>=0.5))",18*pi^2*cos(3*pi*y).*sin(3*pi*x),"@(x,y) sin(3*pi*x).*cos(3*pi*y)",7
360,5000,4,"@(x,y) (1.5 + 3.5 *(x>0.2))",18*pi^2*cos(3*pi*y).*sin(3*pi*x),"@(x,y) sin(3*pi*x).*cos(3*pi*y)",8
361,5000,4,"@(x,y) (50*(y<=0.34) + 398*(y>0.34))",18*pi^2*cos(3*pi*y).*sin(3*pi*x),"@(x,y) sin(3*pi*x).*cos(3*pi*y)",9
362,5000,4,"@(x,y) (0.1 * (x < 0.25)  + 1.3 * (x >= 0.25) .* (x <0.75)  +  10 * (x>= 0.75 ))",18*pi^2*cos(3*pi*y).*sin(3*pi*x),"@(x,y) sin(3*pi*x).*cos(3*pi*y)",10
363,5000,4,"@(x,y) (1e9)",18*pi^2*cos(3*pi*y).*sin(3*pi*x),"@(x,y) sin(3*pi*x).*cos(3*pi*y)",11
364,7000,4,"@(x,y) (5)",18*pi^2*cos(3*pi*y).*sin(3*pi*x),"@(x,y) sin(3*pi*x).*cos(3*pi*y)",1
365,7000,4,"@(x,y) (0.03)",18*pi^2*cos(3*pi*y).*sin(3*pi*x),"@(x,y) sin(3*pi*x).*cos(3*pi*y)",2
366,7000,4,"@(x,y) (25)",18*pi^2*cos(3*pi*y).*sin(3*pi*x),"@(x,y) sin(3*pi*x).*cos(3*pi*y)",3
367,7000,4,"@(x,y) (1e-5)",18*pi^2*cos(3*pi*y).*sin(3*pi*x),"@(x,y) sin(3*pi*x).*cos(3*pi*y)",4
368,7000,4,"@(x,y) (7*1e2)",18*pi^2*cos(3*pi*y).*sin(3*pi*x),"@(x,y) sin(3*pi*x).*cos(3*pi*y)",5
369,7000,4,"@(x,y) (0.01 * (x<0.5) + 150 * (x>=0.5))",18*pi^2*cos(3*pi*y).*sin(3*pi*x),"@(x,y) sin(3*pi*x).*cos(3*pi*y)",6
370,7000,4,"@(x,y) (8e-4 * (y<0.5) + 5e-7* (y>=0.5))",18*pi^2*cos(3*pi*y).*sin(3*pi*x),"@(x,y) sin(3*pi*x).*cos(3*pi*y)",7
371,7000,4,"@(x,y) (1.5 + 3.5 *(x>0.2))",18*pi^2*cos(3*pi*y).*sin(3*pi*x),"@(x,y) sin(3*pi*x).*cos(3*pi*y)",8
372,7000,4,"@(x,y) (50*(y<=0.34) + 398*(y>0.34))",18*pi^2*cos(3*pi*y).*sin(3*pi*x),"@(x,y) sin(3*pi*x).*cos(3*pi*y)",9
373,7000,4,"@(x,y) (0.1 * (x < 0.25)  + 1.3 * (x >= 0.25) .* (x <0.75)  +  10 * (x>= 0.75 ))",18*pi^2*cos(3*pi*y).*sin(3*pi*x),"@(x,y) sin(3*pi*x).*cos(3*pi*y)",10
374,7000,4,"@(x,y) (1e9)",18*pi^2*cos(3*pi*y).*sin(3*pi*x),"@(x,y) sin(3*pi*x).*cos(3*pi*y)",11
375,9000,4,"@(x,y) (5)",18*pi^2*cos(3*pi*y).*sin(3*pi*x),"@(x,y) sin(3*pi*x).*cos(3*pi*y)",1
376,9000,4,"@(x,y) (0.03)",18*pi^2*cos(3*pi*y).*sin(3*pi*x),"@(x,y) sin(3*pi*x).*cos(3*pi*y)",2
377,9000,4,"@(x,y) (25)",18*pi^2*cos(3*pi*y).*sin(3*pi*x),"@(x,y) sin(3*pi*x).*cos(3*pi*y)",3
378,9000,4,"@(x,y) (1e-5)",18*pi^2*cos(3*pi*y).*sin(3*pi*x),"@(x,y) sin(3*pi*x).*cos(3*pi*y)",4
379,9000,4,"@(x,y) (7*1e2)",18*pi^2*cos(3*pi*y).*sin(3*pi*x),"@(x,y) sin(3*pi*x).*cos(3*pi*y)",5
380,9000,4,"@(x,y) (0.01 * (x<0.5) + 150 * (x>=0.5))",18*pi^2*cos(3*pi*y).*sin(3*pi*x),"@(x,y) sin(3*pi*x).*cos(3*pi*y)",6
381,9000,4,"@(x,y) (8e-4 * (y<0.5) + 5e-7* (y>=0.5))",18*pi^2*cos(3*pi*y).*sin(3*pi*x),"@(x,y) sin(3*pi*x).*cos(3*pi*y)",7
382,9000,4,"@(x,y) (1.5 + 3.5 *(x>0.2))",18*pi^2*cos(3*pi*y).*sin(3*pi*x),"@(x,y) sin(3*pi*x).*cos(3*pi*y)",8
383,9000,4,"@(x,y) (50*(y<=0.34) + 398*(y>0.34))",18*pi^2*cos(3*pi*y).*sin(3*pi*x),"@(x,y) sin(3*pi*x).*cos(3*pi*y)",9
384,9000,4,"@(x,y) (0.1 * (x < 0.25)  + 1.3 * (x >= 0.25) .* (x <0.75)  +  10 * (x>= 0.75 ))",18*pi^2*cos(3*pi*y).*sin(3*pi*x),"@(x,y) sin(3*pi*x).*cos(3*pi*y)",10
385,9000,4,"@(x,y) (1e9)",18*pi^2*cos(3*pi*y).*sin(3*pi*x),"@(x,y) sin(3*pi*x).*cos(3*pi*y)",11
386,11000,4,"@(x,y) (5)",18*pi^2*cos(3*pi*y).*sin(3*pi*x),"@(x,y) sin(3*pi*x).*cos(3*pi*y)",1
387,11000,4,"@(x,y) (0.03)",18*pi^2*cos(3*pi*y).*sin(3*pi*x),"@(x,y) sin(3*pi*x).*cos(3*pi*y)",2
388,11000,4,"@(x,y) (25)",18*pi^2*cos(3*pi*y).*sin(3*pi*x),"@(x,y) sin(3*pi*x).*cos(3*pi*y)",3
389,11000,4,"@(x,y) (1e-5)",18*pi^2*cos(3*pi*y).*sin(3*pi*x),"@(x,y) sin(3*pi*x).*cos(3*pi*y)",4
390,11000,4,"@(x,y) (7*1e2)",18*pi^2*cos(3*pi*y).*sin(3*pi*x),"@(x,y) sin(3*pi*x).*cos(3*pi*y)",5
391,11000,4,"@(x,y) (0.01 * (x<0.5) + 150 * (x>=0.5))",18*pi^2*cos(3*pi*y).*sin(3*pi*x),"@(x,y) sin(3*pi*x).*cos(3*pi*y)",6
392,11000,4,"@(x,y) (8e-4 * (y<0.5) + 5e-7* (y>=0.5))",18*pi^2*cos(3*pi*y).*sin(3*pi*x),"@(x,y) sin(3*pi*x).*cos(3*pi*y)",7
393,11000,4,"@(x,y) (1.5 + 3.5 *(x>0.2))",18*pi^2*cos(3*pi*y).*sin(3*pi*x),"@(x,y) sin(3*pi*x).*cos(3*pi*y)",8
394,11000,4,"@(x,y) (50*(y<=0.34) + 398*(y>0.34))",18*pi^2*cos(3*pi*y).*sin(3*pi*x),"@(x,y) sin(3*pi*x).*cos(3*pi*y)",9
395,11000,4,"@(x,y) (0.1 * (x < 0.25)  + 1.3 * (x >= 0.25) .* (x <0.75)  +  10 * (x>= 0.75 ))",18*pi^2*cos(3*pi*y).*sin(3*pi*x),"@(x,y) sin(3*pi*x).*cos(3*pi*y)",10
396,11000,4,"@(x,y) (1e9)",18*pi^2*cos(3*pi*y).*sin(3*pi*x),"@(x,y) sin(3*pi*x).*cos(3*pi*y)",11
397,13000,4,"@(x,y) (5)",18*pi^2*cos(3*pi*y).*sin(3*pi*x),"@(x,y) sin(3*pi*x).*cos(3*pi*y)",1
398,13000,4,"@(x,y) (0.03)",18*pi^2*cos(3*pi*y).*sin(3*pi*x),"@(x,y) sin(3*pi*x).*cos(3*pi*y)",2
399,13000,4,"@(x,y) (25)",18*pi^2*cos(3*pi*y).*sin(3*pi*x),"@(x,y) sin(3*pi*x).*cos(3*pi*y)",3
400,13000,4,"@(x,y) (1e-5)",18*pi^2*cos(3*pi*y).*sin(3*pi*x),"@(x,y) sin(3*pi*x).*cos(3*pi*y)",4
401,13000,4,"@(x,y) (7*1e2)",18*pi^2*cos(3*pi*y).*sin(3*pi*x),"@(x,y) sin(3*pi*x).*cos(3*pi*y)",5
402,13000,4,"@(x,y) (0.01 * (x<0.5) + 150 * (x>=0.5))",18*pi^2*cos(3*pi*y).*sin(3*pi*x),"@(x,y) sin(3*pi*x).*cos(3*pi*y)",6
403,13000,4,"@(x,y) (8e-4 * (y<0.5) + 5e-7* (y>=0.5))",18*pi^2*cos(3*pi*y).*sin(3*pi*x),"@(x,y) sin(3*pi*x).*cos(3*pi*y)",7
404,13000,4,"@(x,y) (1.5 + 3.5 *(x>0.2))",18*pi^2*cos(3*pi*y).*sin(3*pi*x),"@(x,y) sin(3*pi*x).*cos(3*pi*y)",8
405,13000,4,"@(x,y) (50*(y<=0.34) + 398*(y>0.34))",18*pi^2*cos(3*pi*y).*sin(3*pi*x),"@(x,y) sin(3*pi*x).*cos(3*pi*y)",9
406,13000,4,"@(x,y) (0.1 * (x < 0.25)  + 1.3 * (x >= 0.25) .* (x <0.75)  +  10 * (x>= 0.75 ))",18*pi^2*cos(3*pi*y).*sin(3*pi*x),"@(x,y) sin(3*pi*x).*cos(3*pi*y)",10
407,13000,4,"@(x,y) (1e9)",18*pi^2*cos(3*pi*y).*sin(3*pi*x),"@(x,y) sin(3*pi*x).*cos(3*pi*y)",11
408,15000,4,"@(x,y) (5)",18*pi^2*cos(3*pi*y).*sin(3*pi*x),"@(x,y) sin(3*pi*x).*cos(3*pi*y)",1
409,15000,4,"@(x,y) (0.03)",18*pi^2*cos(3*pi*y).*sin(3*pi*x),"@(x,y) sin(3*pi*x).*cos(3*pi*y)",2
410,15000,4,"@(x,y) (25)",18*pi^2*cos(3*pi*y).*sin(3*pi*x),"@(x,y) sin(3*pi*x).*cos(3*pi*y)",3
411,15000,4,"@(x,y) (1e-5)",18*pi^2*cos(3*pi*y).*sin(3*pi*x),"@(x,y) sin(3*pi*x).*cos(3*pi*y)",4
412,15000,4,"@(x,y) (7*1e2)",18*pi^2*cos(3*pi*y).*sin(3*pi*x),"@(x,y) sin(3*pi*x).*cos(3*pi*y)",5
413,15000,4,"@(x,y) (0.01 * (x<0.5) + 150 * (x>=0.5))",18*pi^2*cos(3*pi*y).*sin(3*pi*x),"@(x,y) sin(3*pi*x).*cos(3*pi*y)",6
414,15000,4,"@(x,y) (8e-4 * (y<0.5) + 5e-7* (y>=0.5))",18*pi^2*cos(3*pi*y).*sin(3*pi*x),"@(x,y) sin(3*pi*x).*cos(3*pi*y)",7
415,15000,4,"@(x,y) (1.5 + 3.5 *(x>0.2))",18*pi^2*cos(3*pi*y).*sin(3*pi*x),"@(x,y) sin(3*pi*x).*cos(3*pi*y)",8
416,15000,4,"@(x,y) (50*(y<=0.34) + 398*(y>0.34))",18*pi^2*cos(3*pi*y).*sin(3*pi*x),"@(x,y) sin(3*pi*x).*cos(3*pi*y)",9
417,15000,4,"@(x,y) (0.1 * (x < 0.25)  + 1.3 * (x >= 0.25) .* (x <0.75)  +  10 * (x>= 0.75 ))",18*pi^2*cos(3*pi*y).*sin(3*pi*x),"@(x,y) sin(3*pi*x).*cos(3*pi*y)",10
418,15000,4,"@(x,y) (1e9)",18*pi^2*cos(3*pi*y).*sin(3*pi*x),"@(x,y) sin(3*pi*x).*cos(3*pi*y)",11
419,17000,4,"@(x,y) (5)",18*pi^2*cos(3*pi*y).*sin(3*pi*x),"@(x,y) sin(3*pi*x).*cos(3*pi*y)",1
420,17000,4,"@(x,y) (0.03)",18*pi^2*cos(3*pi*y).*sin(3*pi*x),"@(x,y) sin(3*pi*x).*cos(3*pi*y)",2
421,17000,4,"@(x,y) (25)",18*pi^2*cos(3*pi*y).*sin(3*pi*x),"@(x,y) sin(3*pi*x).*cos(3*pi*y)",3
422,17000,4,"@(x,y) (1e-5)",18*pi^2*cos(3*pi*y).*sin(3*pi*x),"@(x,y) sin(3*pi*x).*cos(3*pi*y)",4
423,17000,4,"@(x,y) (7*1e2)",18*pi^2*cos(3*pi*y).*sin(3*pi*x),"@(x,y) sin(3*pi*x).*cos(3*pi*y)",5
424,17000,4,"@(x,y) (0.01 * (x<0.5) + 150 * (x>=0.5))",18*pi^2*cos(3*pi*y).*sin(3*pi*x),"@(x,y) sin(3*pi*x).*cos(3*pi*y)",6
425,17000,4,"@(x,y) (8e-4 * (y<0.5) + 5e-7* (y>=0.5))",18*pi^2*cos(3*pi*y).*sin(3*pi*x),"@(x,y) sin(3*pi*x).*cos(3*pi*y)",7
426,17000,4,"@(x,y) (1.5 + 3.5 *(x>0.2))",18*pi^2*cos(3*pi*y).*sin(3*pi*x),"@(x,y) sin(3*pi*x).*cos(3*pi*y)",8
427,17000,4,"@(x,y) (50*(y<=0.34) + 398*(y>0.34))",18*pi^2*cos(3*pi*y).*sin(3*pi*x),"@(x,y) sin(3*pi*x).*cos(3*pi*y)",9
428,17000,4,"@(x,y) (0.1 * (x < 0.25)  + 1.3 * (x >= 0.25) .* (x <0.75)  +  10 * (x>= 0.75 ))",18*pi^2*cos(3*pi*y).*sin(3*pi*x),"@(x,y) sin(3*pi*x).*cos(3*pi*y)",10
429,17000,4,"@(x,y) (1e9)",18*pi^2*cos(3*pi*y).*sin(3*pi*x),"@(x,y) sin(3*pi*x).*cos(3*pi*y)",11
430,19000,4,"@(x,y) (5)",18*pi^2*cos(3*pi*y).*sin(3*pi*x),"@(x,y) sin(3*pi*x).*cos(3*pi*y)",1
431,19000,4,"@(x,y) (0.03)",18*pi^2*cos(3*pi*y).*sin(3*pi*x),"@(x,y) sin(3*pi*x).*cos(3*pi*y)",2
432,19000,4,"@(x,y) (25)",18*pi^2*cos(3*pi*y).*sin(3*pi*x),"@(x,y) sin(3*pi*x).*cos(3*pi*y)",3
433,19000,4,"@(x,y) (1e-5)",18*pi^2*cos(3*pi*y).*sin(3*pi*x),"@(x,y) sin(3*pi*x).*cos(3*pi*y)",4
434,19000,4,"@(x,y) (7*1e2)",18*pi^2*cos(3*pi*y).*sin(3*pi*x),"@(x,y) sin(3*pi*x).*cos(3*pi*y)",5
435,19000,4,"@(x,y) (0.01 * (x<0.5) + 150 * (x>=0.5))",18*pi^2*cos(3*pi*y).*sin(3*pi*x),"@(x,y) sin(3*pi*x).*cos(3*pi*y)",6
436,19000,4,"@(x,y) (8e-4 * (y<0.5) + 5e-7* (y>=0.5))",18*pi^2*cos(3*pi*y).*sin(3*pi*x),"@(x,y) sin(3*pi*x).*cos(3*pi*y)",7
437,19000,4,"@(x,y) (1.5 + 3.5 *(x>0.2))",18*pi^2*cos(3*pi*y).*sin(3*pi*x),"@(x,y) sin(3*pi*x).*cos(3*pi*y)",8
438,19000,4,"@(x,y) (50*(y<=0.34) + 398*(y>0.34))",18*pi^2*cos(3*pi*y).*sin(3*pi*x),"@(x,y) sin(3*pi*x).*cos(3*pi*y)",9
439,19000,4,"@(x,y) (0.1 * (x < 0.25)  + 1.3 * (x >= 0.25) .* (x <0.75)  +  10 * (x>= 0.75 ))",18*pi^2*cos(3*pi*y).*sin(3*pi*x),"@(x,y) sin(3*pi*x).*cos(3*pi*y)",10
440,19000,4,"@(x,y) (1e9)",18*pi^2*cos(3*pi*y).*sin(3*pi*x),"@(x,y) sin(3*pi*x).*cos(3*pi*y)",11
